use TECA 
go
--truncate table Seguridad.Estado
--go
/******************ESTADO************************/
insert into Seguridad.Estado values(1,'Activa')
go
insert into Seguridad.Estado values(2,'Inactiva')
go
insert into Seguridad.Estado values(3,'Remodelacion')
go
insert into Seguridad.Estado values(4,'Bancarota')
go
insert into Seguridad.Estado values(5,'Proceso de Fusion')
go
insert into Seguridad.Estado values(6,'Incautada')
go
insert into Seguridad.Estado values(7,'Clausurada')
go
insert into Seguridad.Estado values(8,'Nuevo')
go
insert into Seguridad.Estado values(9,'Usado')
go


--truncate table Seguridad.Empresa
/*********************EMPRESA*****************/
insert into Seguridad.Empresa values(1,'Empresa XYZ SA','XYZ','0981357236001','Mexico DF',NULL,NULL,'informacion@xyz.org','www.xyzmundial.org','Sector publico','Institucion publica conocida mundialmente dedicada al analisis financiero',1)
go
insert into Seguridad.Empresa values(2,'Sandy Corporation','Veterinarias Sandy','0944254432001','Clda Sauces 7 manzana 16 villa 5b, edificio de tres plantas',NULL,null,'info@sandy.com.ec','www.sandy.blogspot.com' ,'Sector privado','Dedicada al cuidado de animales en general',4)
go
insert into Seguridad.Empresa values(3,'Bayerische Motoren Werke','BMW','0977281371001','Alemania',null,null,'bavarian@bmw.gr','www.bmw.gr','Sector privado','Proveedor internacional de vehiculos',5)
go
insert into Seguridad.Empresa values(4,'Textiles Judas SA','Prendas Judas','0972254938001','Km 5.5 via samborondon',null,null,'pedidos@judas.com','www.sanjudas.com.ec','Sector privado','Empresa dedicada a la manofactura de vestimentas',3)
go

/***************tipo de persona*************/
insert into RecursosHumanos.TipoPersona values (1,'Natural',1,1)
go
insert into RecursosHumanos.TipoPersona values (2,'Juridica',1,1)
go

/*tipo de identificacion*/
insert into RecursosHumanos.TipoIdentificacion values (1,'Cedula',1,1)
go
insert into RecursosHumanos.TipoIdentificacion values (2,'Ruc',1,1)
go
insert into RecursosHumanos.TipoIdentificacion values (3,'Pasaporte',1,1)
go
insert into RecursosHumanos.TipoIdentificacion values (4,'carnet',1,1)
go


/*****************PERSONA******************/
insert into RecursosHumanos.Persona values (71,09222222,1,1,'Master','SA',null,'m',1,'Clda Sauces 7 manzana 16 villa 5b, edificio de tres plantas', 0994996660, 0994996660, 0994996660, 0994996660,'info@telcom.com.ec',1)
go
insert into RecursosHumanos.Persona values (72,09333333,1,1,'Compras','SA',null,'f',1,'Clda Sauces 7 manzana 16 villa 5b, edificio de tres plantas', 0994996660, 0994996660, 0994996660, 0994996660,'info@telcom.com.ec',1)
go
insert into RecursosHumanos.Persona values (73,09444444,1,1,'Inventario','SA',null,'f',1,'Clda Sauces 7 manzana 16 villa 5b, edificio de tres plantas', 0994996660, 0994996660, 0994996660, 0994996660,'info@telcom.com.ec',1)
go
insert into RecursosHumanos.Persona values (74,09555555,1,1,'Facturacion','SA',null,'f',1,'Clda Sauces 7 manzana 16 villa 5b, edificio de tres plantas', 0994996660, 0994996660, 0994996660, 0994996660,'info@telcom.com.ec',1)
go
insert into RecursosHumanos.Persona values (75,096666666,1,1,'Cuentas Por Pagar','SA',null,'f',1,'Clda Sauces 7 manzana 16 villa 5b, edificio de tres plantas', 0994996660, 0994996660, 0994996660, 0994996660,'info@telcom.com.ec',1)
go
insert into RecursosHumanos.Persona values (76,097777777,1,1,'Cuentas Por Cobrar','SA',null,'f',1,'Clda Sauces 7 manzana 16 villa 5b, edificio de tres plantas', 0994996660, 0994996660, 0994996660, 0994996660,'info@telcom.com.ec',1)
go
insert into RecursosHumanos.Persona values (77,098888888,1,1,'Contabilidad','SA',null,'f',1,'Clda Sauces 7 manzana 16 villa 5b, edificio de tres plantas', 0994996660, 0994996660, 0994996660, 0994996660,'info@telcom.com.ec',1)
go
insert into RecursosHumanos.Persona values (78,099999999,1,1,'Recursos Humanos','SA',null,'f',1,'Clda Sauces 7 manzana 16 villa 5b, edificio de tres plantas', 0994996660, 0994996660, 0994996660, 0994996660,'info@telcom.com.ec',1)
go
insert into RecursosHumanos.Persona values (79,091010101,1,1,'Activo Fijo','SA',null,'m',1,'Clda Sauces 7 manzana 16 villa 5b, edificio de tres plantas', 0994996660, 0994996660, 0994996660, 0994996660,'info@telcom.com.ec',1)
go
insert into RecursosHumanos.Persona values (80,09111111,1,1,'Taller','SA',null,'m',1,'Clda Sauces 7 manzana 16 villa 5b, edificio de tres plantas', 0994996660, 0994996660, 0994996660, 0994996660,'info@telcom.com.ec',1)
go
insert into RecursosHumanos.Persona values (11,0911212,1,1,'Luis Miguel','Quintero',null,'m',1,'Bosque cerca de guayaquil, llegando al templo de Barcelona',0994996660, 0994996660, 0994996660, 0994996660,'lquinter@espol.edu.ec',1)
go
insert into RecursosHumanos.Persona values (21,0921331,2,1,'Roberto Enrique','Arias',null,'m',1,'geranio', 0994996660, 0994996660, 0994996660, 0994996660,'enriques@gmail.com',1)
go
insert into RecursosHumanos.Persona values (31,09141414,1,1,'Roger','Peñafiel',null,'m',1,'a dos cuadras del capwell', 0990144207, 0994996660, 0994996660, 0994996660,'rpenafie@espol.edu.ec',1)
go
insert into RecursosHumanos.Persona values (41,09151515,1,1,'Marco','Castro',null,'m',1,'bastion', 0994996660, 0994996660, 0994996660, 0994996660,'macastro@espol.edu.ec',1)
go
insert into RecursosHumanos.Persona values (51,091616161,1,1,'Stalin','Vanegas',null,'m',1,'lejos de guayaquil', 0994996660, 0994996660, 0994996660, 0994996660,'info@sandi.com.ec',1)
go
insert into RecursosHumanos.Persona values (61,091717171,1,1,'Marcelo','Romero',null,'f',1,'guayacanes', 0994996660, 0994996660, 0994996660, 0994996660,'hecmar@padrino.com',1)
go
insert into RecursosHumanos.Persona (IdPersona,Identificacion,IdTipoPersona,IdEmpresa,NombreRazonSocial,
Apellido,TipoIdentificacion,direccion,TelefonoMovil,TelefonoCasa,mail,IdEstado)
values(117,0998889293,1,1,'Luis','Cuenca',1,'Sur',0981252627,04398373,'LuisC_@hotmail.com',1)
go

--truncate table Seguridad.Perfil
/****************PERFIL********************/
insert into Seguridad.Perfil values(1,'Administrador',1)
go
insert into Seguridad.Perfil values(2,'Auditor',1)
go
insert into Seguridad.Perfil values(6,'Desarrollo',1)
go
insert into Seguridad.Perfil values(10,'Seguridad',1)
go
insert into Seguridad.Perfil values(20,'Compras',1)
go
insert into Seguridad.Perfil values(30,'Inventario',1)
go
insert into Seguridad.Perfil values(40,'Facturacion',1)
go
insert into Seguridad.Perfil values(50,'Cuentas por Pagar',1)
go
insert into Seguridad.Perfil values(60,'Cuentas po Cobrar',1)
go
insert into Seguridad.Perfil values(70,'Contabilidad',1)
go
insert into Seguridad.Perfil values(80,'Recursos Humanos',1)
go
insert into Seguridad.Perfil values(90,'Activo Fijo',1)
go
insert into Seguridad.Perfil values(100,'Taller',1)
go


--truncate table Seguridad.Imagen
/********************IMAGEN*******************/
insert Seguridad.Imagen values (1, 'Androide Azul', 0xFFD8FFE000104A46494600010101012C012C0000FFDB00430006040506050406060506070706080A100A0A09090A140E0F0C1017141818171416161A1D251F1A1B231C1616202C20232627292A29191F2D302D283025282928FFDB0043010707070A080A130A0A13281A161A2828282828282828282828282828282828282828282828282828282828282828282828282828282828282828282828282828FFC00011080100010003012200021101031101FFC4001C0001010101000301010000000000000000000708060304050201FFC400541000010302030405030C0D0B03050000000100020304050607111221314113516171812291A10814172332427493B1B2C1D1152433363752566272738292C21625353843558494B3B4D23475A24483A3E1F0FFC4001B01000105010100000000000000000000000002030405070601FFC4003C1100010302020509060504030100000000010002030411053106122141511361718191A1B1C1D114223233E1F01642526292233543727382F1C2FFDA000C03010002110311003F00AAA2221088888422222108888842222E5314E3FC3F8736E3ABAC13D5B7FF004D4DA3DFAF51E4DF1213D053CB50FD485A5C799784819AEAD7E6596386374933DB1C6D1AB9CE3A003B4ACFD88B39AF358E74765A786DD0F27B80964F391B23CDE2A7575BC5CAEF2F4974AEA9AB703A8E9642E03B8701E0BA9A4D0FAA976CEE0C1DA7D3BD34660325A76EB987856DA489AF104AF1BB669F598EBDED0479CAE56BF3B2C911228A82BEA08E6F0D8DA7D24FA167E457F068850C7F30B9DD76F0F54D999CACD539E7312452D8A3675192A4BBD01A17A2FCEFBC171D8B5DBC379025E4FCAA4E8A7B74730D6E510ED3EA93CA3B8AAC333BEF01C36ED76F2DE601783F2AF7A9B3CE7047AE6C513FACC7525BF2B4A8CA21DA3986BB388769F54728EE2B4050E76D9652056DBEBE9C9E6CD9900F483E85D4DAB31B0ADCB64457786179F7B500C5A78B801E959591409B442864F80B9BD77F1F54A13396D38268AA226CB048C9637707B1C1C0F885FB58DAD776B85A66E96D95B5148FE66190B75EFD38F8AA261ECE5BDD1398CBC430DC61E6E03A293CE371F378AA0ABD0EA98B6D3B83C70C8FA77A704C0E6B42A2E470B661E1EC4459153D5FADAADDB853D4E8C713D40F07781D575CB979E9A5A67EA4CD2D3CE9D041C9111130BD4444421111108444442111110844444211113871421173F8B717DA30B5374974A81D3386B1D3C7A3A57F70E43B4E8170B98B9AF0DB4CB6EC34E654568D5B25511B51C47A9BF8C7B780ED509ADABA8AEAA92A6B67927A890EAF92471739C7B495D760FA2D255013557BACE1BCFA0EF4CBE503605DCE32CD1BD5FCBE0A479B6D01DDD1C2E3B6E1F9CFE3E0341DEB8045EC5BE86AAE356CA5A0A796A2A1E746C7134B9C7C02D029E969E8A3D489A1AD1F7B4FAA8E4971DABD7455BC2F92F70AA0C9B10D5368623BFA08747CA7BCFB96FA554F0FE03C39620C3476D8A49DBFDBD40E95FAF5EA770F0015256E95515312D8CEB9E6CBB7D2E9C6C4E2B35D9F0ADF6F21A6DB6AAB9E377090465ACFDE3A0F4AEC2DB935892A40755C9434639B6494BDDE66823D2B4622E6AA34C6ADFF0029A1A3B4FA772704237A89D2E461D9D6AAFC01FC58E975F4977D0BE8C79216A0EF6CBB573869C1AD60FA0AADA2AD7E92624FCE5EE1E897C9B78292499216A2474575AE68E7B4D63BE80BE7556461D9D696FC0BB4F73252E9A9EF0EFA15B110CD24C49994BDC3D11C9B782CEB71C99C474DA9A49686B1BC83242C7799C00F4AE42F1846FF006704DC6D3571307190336D83F69BA8F4AD728AC69F4C6B19F35A1C3B0FA77241846E58A516B2C4181F0F5F838D7DB21131FEDA11D1C9AF5EADE3E3AA95E28C96ACA70F9B0ED58AB60DE29EA34649E0EF727C745D2D1695515490D93DC3CF976FAD936E89C325215DDE0ECCEBE61E2C86790DC680683A19DC4B9A3F35FC4771D4762E3AE56EACB5D5BE96E34D35354378B256969EFED1DABD55793D353D6C7AB2B439A7EF61F44D825A762D6783F19DA31553ED5BA7D9A968D64A69746C8CF0E63B42E8D62EA4A99E8EA63A8A49A48678CED3248DC5AE69EB042B865D66D475662B76297B62A83A363ADD3463FB1E3DE9EDE1D7A73E0718D15929819A93DE6F0DE3D477F4A90C96FB0AB0A2021C01041077821171E9E44444211111084444421111090D0492001BC92842FCC8F6451BA495CD646C05CE738E8001C492A039A399D2DD9D35AB0FC8E8ADDBD92D43773A7EC1D4CF49EEDCBC79BB986EBCCF259ECB3116B8CECCD2B4FF00D4381E00FE20F4F1EA52D5A1E8F68E8880AAAB1EF6E1C39CF3F874E51E492FB0222F2D2534F5953153D2C4F9A795C1AC8D8357389E402D0196D95D4F666C571BFB195373F74C84F951C07F89DDBC072EB5D16278B4186C7AF29B9390DE7E9CE9B6B0BB25C1603CABB8DF84759762FB7DB4E8E00B7DB651F9A0FB91DA7CC55E30EE1DB5E1DA314F68A48E06E9A39FA6AF7F6B9DC4AFAC8B31C4F1AA9C45DFD4366FE9197D7AD496B03517AD7492A61B655C9411366AC642F7431B8EE7BC03B20F79D17B28AA5A6C41B5D2D72796D8B3F95B623513C6C86E103CC553130101A79100927423AF983D4BAC521BFB4E5FE6553DEA21B163BC931D501EE63793BCF66FD1DFBC15736DA23DB2E6EC69B5B5AEED3AF556789D3318F6CF00FE9C82E39B8B7A8F75925A7715FA45CD5CF1DE17B6B8B6AAF549B43716C4E3291DE180AF852E6FE146176CCD57269C3669CEFF003E89A8B0BAC945D91388E8282E68DEA848A7F0E6E61391C03EAAA621F8CFA7769E8D57416AC67872EAE0DA1BC51BDEEE0C7BFA371EE6BB42932E1B5908BC91380E8280E077AE8171598B8C27C3AEB750DA29E2ABBC57CA1B14326A406EBA6A4020EF2741E3D4BAFACA9868A926AAAA9047042C3248F3C1AD035254B72DA9A6C5B8BAE18D2E31B840C718282377BD0376BE00E9DEE77529186C11D9F5538BB1832E2E390F33CC178E3B82ABB368B1BB600769BC0EB5FD4455496BE65FEC36CC4146696EF491D4C7EF4B868E61EB6B86F07B942B1E65457D9192D6D91CFAFB7B7CA747A7B7443B40F743B46FECE6B4422B6C3719A9C39DFD2376EF69CBE9D490E60766B14A2D179919614B7F6CB5F656C74975D369CC036639CF6F53BB79F3EB59EEBA92A282B25A5AD85F05444ED97C6F1A1695A6E178BC189C7AD19B3866378F51CEA33D85B9AA3E57E65CD627C36BBDBDF35A890D64A77BA9FEB6F672E5D4B42C12C73C2C9607B648A468731ED3A8703C083D4B162A5E536613F0FD4C76BBBCA5D6791DA35EEDE69DC798FCD3CC72E3D7AD0E90E8E89C1AAA41EF6F1C79C73F8F4E6B8E4B6C2B45A2FE31CD7B1AE63839AE1A820EA085FD59D29288888422222108A399DD8E5D4CC7E1DB4CBA4CF6FDB92B4EF6B4FF00660F59E7D9BB995DCE6462B8F09E1D92A5A41AE9B58A95879BF4F744750E27C073595EA2696A6A249E77BA49A4717BDEE3A97127524AEC745B06150FF6C987BADC8713C7A078F426657DB605E35E6A3A59EB6AA2A6A489F3544AE0C646C1A9713C82F0AD1793D80DB60A26DDAE917F3B54375631C37D3B0F2EC71E7D5C3AF5ECF17C523C320E51DB5C721C4FA714CB19AC6CBE8659E00A5C2948DA9AB0C9EF3237CB9788881F7ACFA4F3EE5DDA22C8EAAAA5AB94CD31BB8FDF62960002C11111475EA23886B4B9C40006A49E4BF334AC8627CB33DAC8D8D2E73DC740D037924F52CED9A798F36209A4B6D9A47C56861D97386AD7549EB3F9BD439F13D42D30AC266C4E5D48F60199DC3EBC0243DE1A17419BD98164B95AAA2C76F885C1E5C09A90748E2703C5A7DF1E2376ED0F12A4D5F7EBADC2920A5ADB854CD4D0B032389D21D8681C3770F15F3516A587E1705044228C5EC6F73B4DF8F37528AE7171BA2222B24944444217D28AFD758AD535B1970A916F9400FA7E9096680EBB872F0571CABCC1B1CD6CA1B1C918B654C2C1146D7BB58E53CC8772713A9D0F33B8959F115562583D3E21118DFEEEDBDC71E278F5A5B5E5A6EB6B2284E54666494B2C165C4536DD2BBC882AE43BE23C9AF278B7A8F2EEE176596E25864D874DC94BD47710A535C1C2E11111572522E2B3270252E2EA1E922D882ED0B7DA67D37387E23FAC76F2F383DAA27E9AA65A5944D09B382F080458AC6371A2A9B6D74F475D13A1A985C59231DC410BD75A4B37302B712DB8D7DBA302F14CCDC07F6EC1EF0F6F579B9EECDAE05AE2D702083A10792D6F07C563C4E0E51BB1C331C0FA1DCA23D9AA55AB2471C9D62C397697770A295E7FF88FD1E6EA56C58AE291F14AC92273992308735CD3A10470216A3CAFC5ADC57875B24CE6FD91A6D23A968DDA9E4FD3A9C079C15C8E9560E2177B6C23DD3F1731E3D7E3D29E89F7F74AEC51117169E442400493A008B81CE8C446C584648207ECD65C09A78F4E219A796EF36EFDA0A4D1D33EAE7640CCDC6DF5EA5E13617516CD1C507146289A585E5D414DAC34C39168E2EFDA3BFBB4EA5C822F7AC56BA8BD5E292DB46359EA640C6EBC07593D806A4F72D9A18A2A38046DD8D60EE1BFCCA844971545C90C1A2ED7137BB847AD0D1BF4858E1BA4946FD7B9BF2E9D456835E858AD54D64B3D25BA89BB3053B031BD64F371ED27527BD7BEB24C6312762352653F08D80701F5CCA96C6EA8B22222AB4B4445E9DE6E115AAD3595F51F72A689D2B86BC4346BA779E094D697B835B994290E7C630735C30DDBE4D3501F58E69EBDED8FE427C3B544D7B373AD9EE571A9ADAB76DCF5123A579ED2755EB2D9B0BA0661F4CD81B9EF3C4EFF00BE0A139DAC6EA8192B62B5DF7144D1DE1AC99B040658A9DE7748ED40DFD606BC17DCCF7C3966B38B6D5DAE0868EA677398F8211B2D7B401E5068DC343BB775A9452D44F4950C9E9669209E33AB248DC5AE69EB046F0BCB72B8565CEA4D45C6AA7AA9C8D3A499E5E74EAD4F251E4C3A77620DAB1290C03E1FBD9CEBDD61AB6B2F551115C242222210AE391F85AC572C39515F5F494F5D56E99D139B3B03C44D0068034EED4EBAEAA759A568A0B2634ADA3B56829806BFA30ED7A37386A5BFFEEB5F02D776B85AA47BED95D5348F78D9718252C2E1DBA2F52591F2C8E9257B9F2389739CE3A927AC954F4D874F1574952F94963B26F0F2D9B92CB8168165F95A1B23F17BAF36B7D9ABE4DAAEA260313DC77C9170F3B770EE23B56795F6707DEA4C3D89282E51976CC320E900F7D19DCE1E6252B1AC39B8852BA3B7BC36B7A7EB9218ED5375AF517F237B64635EC21CD700411CC2FEAC754C444442114173D3070A0ABFE505BA3D29AA1DA5535A373243C1FDCEE7DBDEAF4BD4BBDBA9EED6CA9A0AD60929EA1858F6F61E63B4711DCACF09C45F8754B666E5911C47DE492F6EB0B2C68BA8CB8C4CFC2D89E9EADCE3EB390F4552D1CE3278E9D638F869CD7CAC4D66A8C3F7DACB6558F6C81E5A1DC9EDE2D70EF1A15F316BB2322AC80B4ED63C77150F6B4ADA91BDB246D7C6E0E6380735C0EA083CD7E94E723B117D97C29EB09DDAD55B488B79DEE8CEBB07C342DFD90A8CB19ADA5751D43E07E6D3FF0087AC29AD37174599F3B2F66EF8DA782376B4F6F6FAD9A396D0DEF3DFAEEFD90B455F6E0CB4D96BAE12005B4D0BE5D3AF404E9E3C163AA89A4A89E49A67174B238BDEE3CC93A92BABD0DA3D799F52EFCA2C3A4E7DDE29998ECB2FC2B5FA9EB0F03EBDBFD433783EB6A7D79737BBE41AF7A8B46C74923591B4B9EE21AD0389256BDC236765830D5BAD8CD35A7880791C0BCEF71F171255CE96D77B3D2085A76BCDBA867E412216DCDD7D7444598A9488BF1513454D04935448C8A18DA5CF7BDDA35A071249E0B81AFCDDC2D4950E89935554869D0BE08756F81246AA5535154555C40C2EB700BC2E0335415C0E78D6BA932FEA98D3A1A9963875ECD768FA1ABEFE17C5F65C4EC77D89AC6BE668D5F03C6C48D1D7A1E23B46A17A998F60B7E22B1C34B75B8B6DD4F1D436512B9CD00B835C037CADDEF8F9949A167B25747ED2D235482458DF66DC978EDADD8B29A2B27B18613FCAF87E362FAD3D8C309FE57C3F1B17D6B49FC4545C5DFC5DE8A3726E51B4564F630C27F95F0FC6C5F5A7B18613FCAF87E362FAD1F88A8B8BBF8BBD11C9B946D1593D8C309FE57C3F1B17D69EC6184FF2BE1F8D8BEB47E22A2E2EFE2EF44726E51B4564F630C27F95F0FC6C5F5A7B18613FCAF87E362FAD1F88A8B8BBF8BBD11C9B946D1593D8C309FE57C3F1B17D69EC6184FF002BE1F8D8BEB47E22A2E2EFE2EF44726E51B4564F630C27F95F0FC6C5F5A7B18613FCAF87E362FAD1F88A8B8BBF8BBD11C9B95372D2B4D7E03B24EE3A914E2227ACB0967F0AE957C3C116BA4B3617A2A0B7560ADA5876F6270410FD5EE71DE376E248F05E9E29C7760C35374171AC2EABD3534F0B76DE076F21E242CCA685D555723699A5D771B0036DAFC14906C36AEA1170769CD7C2D71A96C06AA6A4738E8D754C7B2D27F4812078E8BBC690E687348208D411CD3351493D290D9D85B7E217A0839222228CBD51DF541E1E12D1525FA067970114F51A0F784F924F71247ED050B5B1B115AE3BD58ABADB369B1530BA3D4FBD246E3E0743E0B1ED4C3253544B04CDD99627963C75107421699A235C67A53038ED61EE3977DFB94699B6375D8E4FDF3EC2E37A3E91FB34D59F6ACBBF7795EE4FEF6CEFEAD56A158A98E731ED7B096B9A750471056C1C2B7417AC396EB88235A881AF769C9DA68E1E075555A6747AB24754DDFB0F565E7D89509DCB90CF6B81A3C07240D3A3AB278E1F01ABCFCCF4ACD8AD3EA8FABD64B1D183C04B33877EC81F2394595F68AC1C961CD77EA24F7DBC93729BB975B9536B176C7B6A89EDD62864F5C3FAB460DA1AF8803C56A9508F539D0892F177AF23EE3032107F4DC49F98AEEB92D2EA8E56BF93DCC0076EDF309E8459A8888B974EA87FAA1310540ACA3B0C0F7329FA21513E874E9092435A7B06CEBE23A94655273FFEFEA3F81C7F39EA6CB5FD1F899161F16A0B5C5CF4950E437715ED5AAE1556AB8D3D7504AE86A60787B1EDE47E91C88E6AE99C5706DD72AED97060D96D54B04DB3D5B4C71D3C3550156BC77F80BC3BFE1FE63946C66267B5D24B6DBAF6EA5EB0EC214511117449B444442111110844444211111084444421681C2B7A7E1FC8786E50E9D3451CCD8B5FC774EF6B4F6E84EBE0A0351349513C934F23A49A4717BDEE3A9713BC925586A3FAB8537EB0FF00BA728DAE7B028581F532DB6991C3A81FA94E48721CC8AFD9018827AFB4D65A2A9E5E68765D0389DFD1BB5F27B811E9EC50155DF539FF004D5E3E0ECF9C95A4D0B24C3A42E1B5B623B42223672BCA222C994B4597F392D82D98FEE1B0DD98EAB66A9BDBB43CA3FBC1CB502887AA3A874A8B2D7B46F732481DBBA88737E73974DA2751C962019B9E08F3F24D4A2ED5185A2B202E26AB05C948F3E551D4B98D1D4D768E1E92E59D5587D4E5585B74BCD1176E92164C07E8B88FE30BB1D288395C39E77B483DF6F0253311B397CCF541CE64C6B4D1F28A89834ED2F79FA94C55033D1E1F98552D1AEAC82269FDDD7E953F537046EAE1F08FDA3BF6AF1FF1157EF53AD386E19B9D4EED64ACE8CFECB1A7F8D5614E320D85980F68E9A3EAE470F3347D0A8EB31C75FAF884C79FC362931FC21111154A5ACE59FF00F7F51FC0E3F9CF536549CFFF00BFA8FE071FCE7A9B2D8F04FEDF0FFA850DFF0011456BC77F80BC3BFE1FE6394515AF1DFE02F0EFF87F98E51B18F9F4BFEFE4BD66454511115F26D11110844444211111084444421111108564A8FEAE14DFAC3FEE9CA36AC951FD5C29BF587FDD3946D51E079547FCAFF24E3F77422AEFA9CFFA6AF1F0767CE52255DF539FF4D5E3E0ECF9C95A45FDB65E81E21791FC415E5111642A622987AA0E9FA5C194B301E54358C3AF502C78F97454F5C0679303F2F2ADC75D59344E1FBE07D2AD3047EA62109FDC3BF6243FE12B342A2E42CFD0E3D6B35D3A6A5923EFE0EFE153A5DC64ABCB7326D4069A3C4CD3F14F3F42D4B186EB504C3F69EE175159F105ECE7A3037306A48E2F82227BF674FA14F953FD50907478CE9651C25A261F10F78FA94C1270476B61F09FDA3BB62F5FF115A3B20A42FC08E6923C8AB91A3CCD3F4AA42937A9D6A03B0DDD29B5DF1D5F49FBCC68FE055959963CCD4C4661CFE3B5498FE108888AA12D672CFF00FBFA8FE071FCE7A9B2A4E7FF00DFD47F038FE73D4D96C7827F6F87FD4286FF0088A2B5E3BFC05E1DFF000FF31CA28AD78EFF00017877FC3FCC728D8C7CFA5FF7F25EB322A28888AF936888884222221088888422222108888842B2547F570A6FD61FF74E51B564A8FEAE14DFAC3FEE9CA36A8F03CAA3FE57F9271FBBA11577D4E7FD3578F83B3E72912AEFA9CFFA6AF1F0767CE4AD22FEDB2F40F10BC8FE20AF2888B2153117019E520665E55B483E5CD1347EF03F42EFD4BFD5095222C1D49003E54D58DDDD818E27D3A2B4C119AF88423F70EEDA90FF0084ACF2BB8C95617E645ADC08F21B338FC53C7D2B87546C8483A6C7A1FA7DC69649387E8B7F896A58C3B568263FB4F78B28ACF882E97D51D467F992B5A377B6C2F3FBA5BFC4A28B4B6795B8D76029E568D5F4733271D7A6BB27D0ED7C166955BA293F2B8735BFA491E7E69728B39573D4E95DD1DF2ED42481D3D3B6503ACB1DA7F1ABD2CA995B74169C79699DE748E497A07F568F1B3BFB8907C16AB5CA69753F275DCA6E7807B367904EC26EDB22222E593AB3967FFDFD47F038FE73D4D95BB3FF000CD4CEFA6BFD246E9238A3E82A4346A580125AFEEDE413CB7288AD7B47E664B87C5A872163D21439059C515AF1DFE02F0EFF0087F98E525C3F66ADBFDDA0B7DBA2324F29F060E6E71E402B867450476BCB0B7D040758A9A68216923886B1C35F428B8C4ECF6CA586FEF6B5FAB24A60F74959F91117489A444442111110844444211111084444421592A3FAB8537EB0FF00BA728DAD0D82ECA310E46D3DAF6835F3C736C13C03C4EF7375ECD40500AFA3A8B7D6CD495B0BE1A985C58F8DE3420AE77029D864AA86FEF091C6DCC4FD13920D80F32F02AEFA9CFF00A6AF1F0767CE5225A1B2270CD459ECB5372AF8DD14F5FB3D1B1C342D8DBAE87B3527CC025693CEC8B0E7B5C76BAC07684442EE550444593A968A1DEA8DAE0EACB2DBDA77B2392778FD221ADF9AE5715977382E82EB8FAE258758A948A567EC7BAFFC8B974FA274FCAD787EE6027CBCD3531B35716AC5EA72A3DAB95E6B48DD1C51C20FE9124FCC0A3AB46E425B8D2608354E1A3AB6A1F203F9ADD183D2D779D75FA533F25873C6F7103BEFE00A6621772EF6F5411DD6D15B4136E8EA617C24F56D023558EAAE9E4A4AA9A9A76964D0BDD1BDA79381D08F3ADA2B35E7858CDA719C9571B74A7B8B7A769E5B7C1E3BF5D0FED2E77436B35267D33BF30B8E91F4F04ECC365D4F5A4B5C1CD24107504725AF305DE5B7FC2F6EB9020BE688749D920DCE1FBC0AC86ACDEA7BC42193D6582A1FBA4D6A69F53CC0D1EDF3687C0ABBD2CA135147CB346D66DEA39F91EA4DC4EB1B2B82222CC14A4700E696B80208D083CD71B71CB3C275D50E9E4B53637B8EA44123E369FD90741E0176489F82AA6A73785E5BD0485E100E6BE55830F5A70FC0E8ACF430D2B5DEE8B412E777B8EA4F895C5E7FFDE2C7F0C8FE6BD52571F9B1629EFF0082AAE9E8DA5F550B9B511B071796F103B74274EDD14DC32A6D5F14D33BF30B93E6525C3DD202CB2888B6450D111108444442111110844444211117EE08A49E68E1818E92591C1AC6346A5C4F000209B6D285A7B263F06B67FF00DEFF0059EBED621C2B64C441BF662DF1543DA346C9BD8F03AB69A41D3B35D17F30359DD60C256CB6C8474B0C5ED9A700F712E70F392BEE2C5AAEA8FB6CB3C0E22EE71046CCC95340F7402B93B3E5E617B454B6A296D51BA769D5AF99EE9764F22038900F6E8BAC4451A7A896A1DAD33CB8F39BAF4003244444CAF57CCC4D758EC787EBEE52E9B34D139E01F7CEE0D1E2481E2B1FCD2BE699F2CAE2F91EE2E738F124EF255B3D509884361A3B053BFCA7115151A7203731A7C753E0144169BA254260A533B86D7F80CBCFB94599D7365FA8A37CB2B238DA5CF790D6B47124F00B6161AB636CD87EDF6E6E9F6B40D8DC473701BCF89D4ACE993563FB338DA96491BAD3D08F5D3F7712D3E40FDE20F702B4EAA8D32ACD69194ADFCBB4F49CBBBC52E11B2E8B86CE2C3BF67B07CEF859B559427D7116837900796DF11BFBC05DCA71E2B91A4A97D2CCD9D99B4DFEFA53C45C596295EE59EE35168BA52DC289FB1514F209187AF4E47B0F03D857539B3858E1AC512F40CD9B7D6133539037377F94CF027CC42E296CF4F3455B0091BB5AE1FF00A3C8A844169B2D89872F14D7FB2525CA8CEB14EC0ED9D752C77369ED0750BE92CEB9298C858EEC6D35F26CDBAB5E361CE3BA297803DC7703E1DAB452C9B19C31D875498FF29DAD3CDF4C8A96C76B0BA2222A94B44444217038BB2B6C7882AA4AB88C96FAC90EAF7C006C3CF5B9A79F711AF35CCFB06537F7ECDFE587FC959115BC18F621030471CA6C3A0F882906369DCB1F62AB536C788ABED8C94CCDA690C6242DD92EEDD17CA5D4667FDFFDF3E107E40B975AC51BDD253C6F7665A09EC510E68AE5EC194DFDFB37F961FF00250D5B59735A558954D0F25ECEFD5D6D6BEC072B711CE9D89A1D7BA865FB26E9ED763B8DC1B799643494D24E1869C0DAD969769AED6EE0A38B5E638FBCAC41FF006FA8FF004DCB21A7B45F10A8AE8A47543B58822D970E65E4AD0D3B117418130FB713E25A7B5C950EA66CAD7BBA46B3688D9693C351D4B9F5DE6487E11683F572FF00A655DE252BE1A49648CD886923A6C90D17202EDBD8329BFBF66FF2C3FE4BB2C1B97564C2F30AA81B2555781BAA27209675EC81B877F1ED5D922CA6A31CAFA9618E594907A07800A506346D0111115525A2222108BD2BDDCE9ACD69AAB8D6BB669E9E32F7759EA03B49D00ED2BDD59FB3C7190BA5C3EC15BE5D68A91FACEF69DD24A397737E5D7A82B4C230D762352221F0E64F01F5DC90F76A8BA9D621BB545F2F55972AB3EDD5121791AEE68E4D1D80683C17CF45D6E58E177629C4F0C12309A08349AA5DF9A3837BDC77776BD4B5B9658A8A02F76C6B0770DCA2005C55A324F0E9B26126D5543366AEE244EED7888F4F2079893FB4A828D01AD0D680001A003922C66B2A9F573BE77E6E37FA7529AD161644445197AB9ACC0C2F0E2BC3B3513B65B54CF6CA694FBC9070F03C0FFF004B29D6534D47553535546E8A785E59231DC5AE074216D1524CECC0C6E303AFF698B5AC85BF6D46D1BE5601EE87E701E71DDBFAFD16C645349EC931F71D91E07D0F8F5A66565F685045A0B26F1E8BBD2C764BB4BFCE30B7486479FBBB072ED701E71BFAD67D5E4A69E5A6A88E7A791F14D1B83D8F61D0B48E0415DB62B86478940627EC3B8F03F79A618E2D375B4914EF2B730E1C4D4EDA0B9B9915E636F70A803DF37F3BAC788DDC288B24ACA3968A530CC2C47DDC732980870B844445157A8888842CA399FF007FF7CF841F902E5D7559A71BA3CC1BDB5E08267DAD3B0B411E82172AB6CC3F6D245FEADF00A0BB328B6B2C551B1D23DAC602E7388000E656D55C7E9B7F83FEDFFCA7E0DEBE2E38FBCAC41FF6FA8FF4DCB21AD7D8CE374B83EFB1C60B9EFA09DAD039931B96414FE85FC897A4782F27CC22EF3243F08B41FAB97FD32B83541C8B85D2E60D33DA374504AF7776CECFCAE0BA3C60814135FF0049F04D33E20B4AA222C654D444442111170599B9814D85695F474644D79959E43068443AF073FE5039F729349492D64A21845DC7EFB1784802E57A39C18F058289D6AB5CBFCED50DF2DED3BE9D879F638F2EAE3D5AE745E6ACAA9EB6AA5A9AB95F3544AE2F7C8F3A9713CCAF0AD6F09C2E3C320E4DBB5C733C4FA70511EF2E375FBA7864A89E38608DD24D238318C68D4B89DC000B5465B6148F09E1D8E99E1A6BA6D25AA78DFABF4F720F50E1E73CD70F925814D3323C457688899C35A389C3DCB48FBA11D679766FE6158D719A538C8A87FB1C27DD6E6789E1D03C7A13D132DB4A2222E393C8888842222210A0B9BF9746DF24F7DB145F6938ED54D3B07DC4F37347E2F58E5DDC246B6B101C0820107710542734F2C1F48E9AF186E12FA63ABE7A360DF175B9839B7B3972DDC340D1ED230E0296ACEDDCE3BF98F3F03BFA738F247BC291432C904CC9617BA3958E0E63DA742D238107AD5DF2DF35A1AF115B713C8C82AF7363AC3B992F63F935DDBC0F67382A2E9B12C2E0C4A3D4986D191DE3EF8269AF2D3B16D6E3C11667C0999B74C3423A4AAD6BED6DDC227BBCB8C7E63BABB0EEEE57BC2F8B2CF89A9FA4B555B5F201ABE07F93233BDBF48D476ACCB13C0AAB0E3778D667EA1975F0529B2072FBA888A992D4C33772F66C46E65D6CC186E51B362485C767A668E1A1E01C386FE239EEDF109B0B5FE198C52596E424074D0533CEBDDA0DEB5F22E9B0DD28A8A184405A1CD195F31CC9A7441C6EA199599635ACB9D3DE3114069E281C248695FEEDEF1C0B87BD00EFD0EF27B38DCD1154E25894D88CBCACDD4064025B5A1A2C108041046A0ACF198595D72B6DC26ABB052BEB6DB2B8B9B14236A4875F7BB3C48EA23C7B743A25E178ACF86485F16D07307228730386D59128B09E20ADA86C34F65B839EEFC681CD03BC9000F12AFD953817F925432CF5AE64974AA0049B3BDB1346F0C079F593D83AB53DEA2B0C53496A3108B91D50D69CEDBFE892D8834DD11117389C445F1B12E27B461BA6E96ED58C89C46AC886F91FFA2DE27BF828363CCD1B962112525B83EDF6D3B8B5AEF6C947E738701D83C755718660755889BB059BFA8E5D5C521CF0D5DEE6466A53DA9B2DBB0E48CA8B86F6BEA068E8E13D9C9CEF40EDE0A05533CD555124F5323E59A47173DEF3A9713C492BC68B4DC330A830D8F5221B4E6779FBE0A2B9E5D9A2A9E50E5E9BCCD1DE6F51116D8DDAC31387FD438733F983D3E75E5CAECB192E861BB62289D1DBFDD454CED43A6EA2EEA6FA4F771BE46C6451B6389AD646C01AD6B468001C000B9CD21D2311834B487DEDE46EE61CFCFBBA727638EFB4AFD001A0000003700111167AA422222108888842222210888884298662E5652DECCB70B174749723AB9F1708E63FC2EEDE079F5A81DD2DD596AAD9292E34D25354C67CA8E41A1EFED1DA372D96BE3627C336AC4B47EB7BB52B65D3DC4A374919EB6BB88EEE07985D5E0FA512D1810D4FBCCEF1EA3EEE9A7C40ED0B212F253544D4B3B27A596486661D59246E2D734F582378545C6594B77B3992A2D1ADCE886FD18DF6E68ED6FBEEF1E60A6EF6B98F735ED2D734E8411A1056854B5B4F5D1EBC2E0E1F798518B4B7354FC2D9C577B706437A89972A71BBA4D762503BF81F11AF6AAA61FCC9C337A6B432BDB4739FECAB3488F9CF927C0ACB68AA2B746286A897346A3B9B2ECCBB2C96D95C16D563DAF60731C1CD235041D410BFAB1D5AAF975B43B5B65C6AE977EA5B14A5AD3DE381F15D75BB36F15D20025A9A6AC03954403E56EC95CD54686D4B3E4BC3873DC1F3F14E8986F5A5D1426973C6BDBA7AEECD4B2F5F453399F2872FA11E79C25BED96091AEEA6D5023E6055AFD18C4DBFE3BF5B7D52B956F156645197E79C21BED76191CEEA755003E615F3EAB3C6B9DAFAD2CB4D17EB6673FE40D4374631377F8EDD6DF5472ADE2AECBF8E706B4B9C40681A924E80059AEE39BB8AAAC110CF4B460EEF68807F1ED2E42EB7EBB5DCEB73B8D5D50E4D9652E68EE1C02B1A7D0DAA7FCE7868E6B93E5E292661B9696C4198B86AC81CD9AE0CA99DBFD8D2FB6BB5EAD47923C4852BC519CB75AEDB86C5032DD09DDD2BB49253E7DCDF31EF52B45D2D168BD0D290E78D73CF97665DB74D3A5715E6ACAAA8ADA97D4564F2CF3BCEAE92571739C7B495E14682E706B41249D001CD517076545E6F6593DCC1B6509D0EB2B7DB5E3B19CBBCE9E2AE2A6B29E8A3D799C1A3EF21E89001764B82B7D1555C6B23A5A0824A8A890E8D8E36EA4ABC65DE5453DA8C570C4623A9AE1A3994C3CA8E23DBF8C7D03B78AEEB0AE15B4E17A4E86D54C18F70D249DFE549277BBE81BBB17DC59FE31A512D5030D2FBACE3BCFA05219101B4A2222E493C8888842222210888884222221088888422222108B9EC4F836C7895A4DCE85867D341511F9120FDA1C7B8EA174289D866920707C4E2D3C46C5E100E6A0F88B252BA02E92C15D1D547C44351E43C76070DC7C7654E2F586AF5647385D2D9554ED1EFDCCD587B9C3569F3AD7E8402082350574F49A5F570EC98078EC3DA367726CC20E4B14A2D6B74C1586EE85C6B6CD46E7BB8BD8CE8DC7F69BA15CB5764D61AA824D3C95F4A7908E50E1FF9027D2AFE0D31A37FCC6B9A7B47DF526CC2EDCB39A2B8CF9194EE3F6BDFA560D7DFD2877C8E0BD3F60CA8FEFD87FCB1FF00929EDD26C31DFE5EE77A24F24EE0A348AC9EC1953FDFB0FF00963FF25EE53E4640D77DB17E95E3A994A19F2B8A1DA4D8637FCBDCEF44724EE0A1E8B45D164CE1A8083512DC2A8F30F94347FE2D07D2BA9B5E08C356C21D4765A30F1C1D233A570EE2FD4A813698D1B3E5B5CE3D83EFA92842EDEB3059B0EDE2F4E02D56DAAA904E9B6C61D81DEE3B8789546C3B92B71A82C92FD59151C5C4C30FB649DC4FB91E957B680D686B40000D001C915055E97D5CDB206860ED3DFB3B92C42066B9AC2F822C386C35D6EA269A8037D44DE5C87C4F0F0D174A88B989A79277EBCAE2E3C4A74003244444D2F511110844444211111085FFD9)
go
insert Seguridad.Imagen values (2, 'TECA y ...', 0xFFD8FFE000104A46494600010101012C012C0000FFDB00430006040506050406060506070706080A100A0A09090A140E0F0C1017141818171416161A1D251F1A1B231C1616202C20232627292A29191F2D302D283025282928FFDB0043010707070A080A130A0A13281A161A2828282828282828282828282828282828282828282828282828282828282828282828282828282828282828282828282828FFC00011080100010003012200021101031101FFC4001C0001010100020301000000000000000000000706040502030801FFC40043100001030202050806080504030100000001000203040506110712213141225161718191A1B113142342C1D124323343526272C2155392D2F0175582E193A2B235FFC4001B01010003010101010000000000000000000004050607030201FFC4003411000103020207060602030100000000000100020304051131061221415161A113227181B1D1324291C1E1F0435214233362FFDA000C03010002110311003F00AAA22222222222222222222222222E96F389ED769D66CF389271F751729DDBC076AF87C8D8C6B3CE017AC30493BB522692792EE97E3DED8D85CF706B46D249C8052FBAE3FAFA825B6F8A3A58F838F2DFE3B3C1656B6BEAEB9FAF59532CEEE1AEE272EAE65592DDE26EC8C63D168A9B45EA24DB33837A9F6EAAC15B8A6CB499892BE27B8708B37F96C5D354E90ADCCCC53D354CA79DD934799F252F4501F769DDF0E015D43A3146CF8C9779E1E8B7F3691A439FA1B6B1BCC5F367F00B8EED2257E7C9A3A503A758FC56211781B8549F9FD14D6D8A81B947D4FBADBB74895F9F2A8E948E8D61F15C88B48D20CBD35B58EE7D5988F8158044170A91F3FA23AC540ECE3EA7DD53E9B4876F7902A296A62E96E4E03C42EE68B15D96AF20CAE8E371F7650599769D8A2E8BDD9769DBF160543974628DFF00012DF3C7D57D051C8C9581F1BDAF61DCE69CC15E4A09455D554526BD1D44B0BB9D8E233EB5A9B5E3EB85396B6BE38EAE3E272D47F78D9E0A745778DDB24187554B53A2D511ED85C1DD0FB7555245D1D9B14DAEEA5AC8A7F4539D9E8A6E4B89E8E07B1778AD2391920D661C42CE4D04903B52569079A2222FB5E48888888888888888888888888888888888888BABBE5F686CD16B564BED08CDB1376BDDD9F13B167315E368E90BE92D05B2D40D8E9B7B59D5CE7C3AD4DAA2796A6674D5123E495C7373DE732554D5DCDB17722DA7A2D3DAF475F5004B53DD6F0DE7D968EFF8CAE1732E8E071A4A63B35233CA70E977CB259845EDA5A79AAA76C34D13E595DB9AC1992A86496499D8BCE256D60A786923D589A1A07EED2BD48B7166D1FD54DAB25D2614ECFE5C7939FDFB878ADA5AF0D5A6DA1A60A463A41F792F2DDE3BBB325361B5CD26D777473F655357A47494FDD61D73CB2FAFB62A474165B957E46928A791A773B5726F79D8BBEA4C037698033BA9E9C710E7EB1F00478AAB22B18ED1137E324F459F9B4A6A5FFF0036868FA9FDF253D8747072CE6B90079990FC495CA668EA881E5D6D411D0D685B845245BA987CBEAA03AFD5EEFE4E83D961DFA3BA227915B523AC34AE2CDA3839670DCB6F33E1F882A84886DD4C7E5F546DFABDBFC9D07B29555E00BB45B607D34E399AF2D3E232F15D157D8EE74009AAA19D8D1BDC1BACDEF1B15C914692D10BBE12429F0E94D533FE8D0E1F43FBE4BE7B456EBA61DB55C81353491FA43F7918D47778DFDAB1978D1FCF107496A9C4EDFE54BC97761DC7C1574D6B9A3DADEF0E5ECAFE93492927EEC9DC3CF2FAFBE0B08B4961C6171B596C723CD5530FBB94ED03A1DBC7885D155D2CF473BA1AA85F0CA37B5E322BD0A0C72490BB169C0AB89A086AE3D5900734FEEC56EB15FE86F5167492652819BA17EC7B7B388E90BB65F3FC13494F33258247472B0E6D734E441EB545C2B8DDB39652DE5CD64BB9B51B9AEFD5CC7A77752BEA4BA364EE4BB0F1DCB1574D1C7C18CB4DDE6F0DE3DFD56ED1010466368456EB2E8888888888888888888888480333B0222FC7B9AC639CF706B5A33249C800A638CB183EB8C9456B7B9949F55F28D864E81CCDF35E38E7149B848FA0B7BC8A369CA478FBD3FDBE6B18B3F70B81713144766F2B7163B108C0A9A91DEDC38733CFD3C7222F6411493CCC8A163A491E726B5A3324AA7612C1B1500655DCDAD9AAF7B63DED8FE67FCE955F4D4AFA9760DCB8ABCB85CA1A066B48769C86F3FBC566B0D60BAAB9864F5C5D4B48768CC72DE3A070EB3DCA956AB5515AA01150C0D8C7176F73BACEF2B9A8B4B4D451D38EE8DBC573EB85DAA2B8F7CE0DE032FCA222296AB111111111111111111111111111111170EE76DA3BA53FA1AE8192B3867BDBD20EF0A6F89704D4DBDAFA8B71754D28DA5B97B460EAE23ABB9551145A9A38EA07786DE2ACA82EB5142EFF0059C5BC0E5F85F3DA2AB62CC1F0DCC3EAADE1B0D6EF2DDCD93AF98F4F7F3A9754C12D34EF86A237472B0E4E6B8644159AAAA47D33B0765C5741B75CE1B8335A3D8466378FC735ACC1D8BA4B6B99477173A4A23B1AF3B4C5F31D1C382A8C6F6C91B5F1B8398E19B5CD398239D7CFAB5F82314BAD72B68AB9E4D0BCF25C76FA23CFD5CFDEA75BEE05984529D9B8F0FC2A6BE5884C0D4530EF6F1C798E7EBE39D5511A439A0B4820ED047145A15854444444444444582D2262330B5D6AA27E52387B7783B87E1EDE2B478B2F4CB25A9F3020D449C885BCEEE7EA0A312C8F9657C92B8BA4792E738EF24F155174ACECC762CCCE7E0B53A396A13BBFCA9477465CCF1F2F5F05E0BD90432544CC86063A495E755AD68CC92BD6AAD8130D0B6538ADAC67D3A51C969FBA69E1D678F773AA6A4A5754BF5465BD6AEE77165BE1ED1DB49C8713EDC572B0861886CB009A70D92BDE394FDE19F95BF35A4445AC8A26C4D0C60C02E655353254C86594E24A2222F45E08888888888888888888888888888888888888888888B3F8B70DC37CA6D766AC75CC1ECE4FC5F95DD1E4B408BCE48DB2B4B1E31057B53D4494D209623810A03554F2D254C905430C7346755CD3C0AF4AADE38C382EF486A69583D7E26ECCBEF1BF87AF9949482090464470594ABA57533F54E5B974CB5DC9970875C6C70CC70FC2A0E8EF11ED65A6B5FB3753BDC7FF004F977732A12F9F58E731ED7B096B9A73041DA0AB260EBE0BD5A83A423D6E1C9930E73C1DDBE79AB6B5D66B8EC5F98C966348ED62277F9710D873E478F9FAF8AEF91115CACA221D83328B33A40BA9B6D89F1C6ECA7AACE26F386FBC7BB676AF39A51130BDDB97BD2D3BAA666C2CCC953EC6578378BCC8F6389A68BD9C23865C4F69F82E891726DB472DC2BE0A4806724AE0D1D1CE7A80DAB1CF73A67971DA4AEAD1471D2C218DD8D68F45ABD1D58456D59B8D5333A781DECDA46C7BF9FA879AA82E35B68A2B750C3494E328E26EA8E9E727A49DAB92B57494C29E30DDFBD733BA57BABAA0C872C80E4888A658E315BEAE592DF6D90B695A756495A7ED0F103F2F9F52FAA9A96533359CBE6DF6F96BE5ECE3CB79E0B457CC6F6FB7BDD152835938DFA872603FABE59AC9D563DBBCAE3E8453C0DE01ACCCF8E6B248B392DC6790EC380E4B794B61A2A76E059AC789DBD325A66E38BE0399A88CF4189BF25DAD0E912A5840AEA38A46F17444B0F71CD611179B2BAA18710F3EABDE4B3D14830310F2D9E8AD565C4D6CBB96B29E7D49CFDCCBC9776703D8BBA5F3E0D8762D7E1AC6B55405905C4BAAA9776B139C8C1D7C7A8F7AB5A6BB071D59861CD66EE1A30E602FA438F239F9155445E8A1ACA7AFA5654524AD9617EE737FCD857BD5C8208C42C939A5A4B5C30211117A2BAB29E8699F51572B62858332E77F9B4F421200C4A35A5C435A31257BD75377C436CB4E62AEA5BE947DD3394FEE1BBB72582C478DEAEB9CE86D85D4B4DBB5C1F68FEDF77B3BD63C924924E64F154D53760D3AB08C79AD65068C39E03EA8E1C867E6772A0D76914EB114341B383A67EFEC1F35D63B1FDDC9CC4748D1CC233FDCB208AB1D70A871C75968A3B250C6301183E3B56D69B487716387AC52D2CADFCBACC3DF99F25A8B2E34B6DC5CD8A62EA49CEC0D94F249E877CF252245E915CE78CED388E6BC6A747A8A66F75BAA788F6C97D088A61827163E8A58E86E5217523B92C91C76C478667F0F92A7AD05354B2A59ACDFA2C2DC6DD2D04BD9C9B46E3C514D348F6114D3FF0014A566514AECA6681F55FF008BB7CFAD52D7A2BA962ADA39A9AA1BAD14AD2D704ABA71511961CF72FDB6573A867128CB78E2140977384EEEEB35E229C93E81FC89873B4F1ECDEB8577A096D7729E8E7FAD13B207F10E07B42E1AC9B5CE85F88D842E9CF647550969DAD70E857D06D707B439A416919823885FAB29A39BAFAF597D5A476735210CDBC587EAFC4762D5AD843289A3120DEB9555D33A966742ECC14522D215C7D7B10C9134E71528F44DEBF7BC76762AADCAA9B456FA9AA7ED6C31B9F973E4372834B23A595F248759EF25CE3CE4AABBC4D831B18DFB568F456975A57D41F9760F13F8F55E0A85A2EB58FA45CE56EDFB28B3EF71F21DEA7CD697B835A09713900389575B1D036D968A5A36E59C4C01C47176F27BC950ED507692EB9C9BEAAD7496B3B1A6113737FA0CFECB9C888B4AB9F2C86912F86DF6F6D1533F56A6A41CC8DED6713DBBBBD4A976D8AAE06E57EABA80738F5F523FD2360F9F6AEA5646BAA0CF293B86C0BA859E8451D2B5B8778ED3E3F8C911114456A888888888888BB7C3B7DAAB1D5FA580EBC2EFB4849E4BC7C0F4AB059EE74D76A1655523F5987639A77B0F31E95085DC619BE4F63AF13464BA076C962CF6387CC70565415C603A8FF87D167EF5666D6B4CB10C241D791FB1562BA57D3DB28A4AAAB78644C1DAE3C00E951DC477EAABE55FA49CEA40D3ECE1076347C4F4AE4630C40FBE57FB32E6D145B2261E3CEE3D2567D7EDC2B8CEED461EE8EABE6C766146C134A3FD87A7E78FD11111562D122222222222222A9E8E6F66BA85D4150ECEA29872093B5CCFFADDDCA58BB4C357036CBE5254E79303C364FD2761F052E8AA0C12876E39AABBBD08ADA67330EF0DA3C7F392B82222D72E5CB07A51B5EBD3C17389BCA8FD94B97E13B8F7ECED0A6EAF575A365C2DB5349265AB330B733C0F03D8722A112C6E8A57C720C9EC716B87310B377683525120F9BD56FF00462AFB6A730BB367A1FD2BBEC0971FE1F88A9F59D9453FB17F36DDDE392B1AF9F1A4B5C1CD2410730470577B2D60B85A692AC6F9630E3D078F8E6A559E6C5AE88EEDAABB4AE9755ECA81BF61F2CBF792E8B49355EAF869D183919E46C7D9F5BF6A922A0E9627E55BA007707BCF801F153E506E8FD6A82386015CE8E45D9D0B5DFD893F6FB2EF30551FAEE25A263866C8DDE95DFF001DA3C72568536D14D30757D75491F671B6307F51CFF6AA4AB5B4C7AB06B713F859AD269FB4ACD4FEA00FAEDFBA2E2DDA634D6AAC9DA723142F78EC692B94BAFC4409C3F730369F5597FF0082AC24383091C1514003A5683C4285A222C4AEC0888888888888888888888888888888888888888888888888888888AEF6498D4D9A8662733240C71EBD519AE6AEB30BB4B70E5B01DFEAEC3E01766B6B11C58D2782E415203667819627D514771F51FA9E27AAD519326CA61DBBFC4156253BD2BD3652DBEA4716BA33D9911E6541BAC7AD06B703F8575A353F675A19FD811F7FB29FAAB68C6A8CD87DF038EDA795CD03F29DBE64A94ADE68A27D5ACAFA7CF63E36C99751CBF72A8B63F56A00E3B16A748A1ED285C7FAE07AE1E857134A326BE20859C194ED1DA5CE3F258E5A8D23B83B144C07BB1B01EECFE2B2EBC2B4E33BFC54BB4B7568A21C82A768AA202D1592F174FA9DCD07F72DB2CA68CDA5B86B33EF4EF23C07C16AD69684614ECF05CFAF2ED6AE94F3F445EBA9884F4D2C2EFAB230B0F68C97B114B231D8AB4120E217CFD2C6E8A57C6F193984B48E90BC168B1E501A1C495040CA39FDB37B77F8E6B3AB152C6637961DCBAED34E2A216CADF98028888BCD7BA2222222222222222222222222222222222222222222F2635CF7B58C19B9C72039CAF15A0C0D41EBF89298119C709F4CFF00F8EEF1C97DC51991E1837AF0A8984113A5764D04AAF514229A8E080659451B59B3A064BDC88B6A060300B913897124A2C7E9462D7B043201B63A86EDE82D70F92D82CCE919A1D85A727DD7B08FEACBE2A3D68C607F82B0B4BB56B623CC755215ABD1A49A9898373FB485EDF23F05945A3D1F38B716D101EF0901FE871F82CBD21C2767885D16E8DD6A3947FE4FA2F6E921A0628948F7A3613DCB2EB63A518F571042FE0FA76F7873BFE96397ED68C277F8AF9B4BB5A8A23C82AC68C9DAD86C8FC33BC7803F15AC589D154B9DA6B22E2D9F5BBDA07ED5B65A5A138D3B3C173EBCB756BA51CFD511114B558B25A47B51AEB38AA89A4CD484B8E437B0FD6EED87B0A942FA0DCD0F696B802D23220F10A2B8B2CEEB2DDE48003EAEFE5C2E3C5A78758DCA82EF4D8384CDDF9ADB68BD78730D23CED1B4786F1F75D32222A55AF4444444444444444444444444444444444444444444554D1ADABD4ED2EAD95B94B54736E7C183777ED3DCB0785ACEFBD5DE2A7C8FA06F2E6773347C4EE56B8D8D8E36B23686B1A006B40C800382BAB4D362E333B764B23A4F5E1AC148C3B4ED3E1B879AFD44457EB108B31A46706E169C1F7A460F1CFE0B4EB1DA519432C3047C64A81DC1AEFF00A516B4E103CF2563696EB56C4398E9B54B168F47CD2EC594447BA243FF00A387C56716B34671FA4C4BADFCB85EEF21F1598A418CECF10BA2DD1DAB4729FF00C9F45DB695E9FF00FCEA803672E371EE23E2A7AABBA46A4F59C3323C0CDD048D97B371FF00E948949BA3356A09E387B2AFD1B9BB4A10DFEA48FBFDD6E745551A971ADA627ED220FF00E9397EE54B516C1B59EA38968A471C98E7FA27753B6799055A55A5A64D683578159BD2783B3ACED3FB01D367B22222B459D45D2E2CB232F76B742321511F2E171E0EE63D057748BE248DB234B1D915EB04CF82412C670217CFD346F8657C72B4B24612D7348C882382F054CD20E1BF5A8DD74A16673B07B660F7DA3DE1D23C94CD646AA99D4F26A3BC9751B757C75F089599EF1C0FEE48888A3A9E8888888888888888888888888888888BCE28DF2C8C8E3697BDE435AD033249E0BC152747986FD031B74AE67B578F60C23EA83EF1E93C3A3AD48A6A77544818DF3502E35ECA184CAFCF70E2577F846C6DB25ADB1B803552F2E670E7E6EA1F35DE222D7471B636863720B974F3BEA2432C8712511117DAF2453AD2BD4833DBE941DAD6BA470EB200F22A8AA378EEB7D771355169CD90E50B7FE3BFC7355B7593560D5E27F2B41A3507695A1FFD413F6FBACFADEE8A20CEAEE151F818D8C76927F6AC12ABE8CE93D061D3311B6A257381E81C91E20AA8B6335EA01E1B56A748A6ECE85C3FB603EFE8169AE14CDADA1A8A67FD59A37309E6CC64A0D3C4F826922906AC91B8B5C39883915F402926916DC68AFEE9DA328AA87A41FAB73877EDED5617887160906E543A2B55A92BE9CFCDB4788FC7A2CB8241041C88E2AE787EBC5CECD49560F2A460D7E870D8EF10542D6FF45D74D5927B64AED8EF6B167CFEF0EEC8F6150AD53F6736A1C9DEAADF4968FB7A5ED5B9B36F96FF00B1F25454445A65CF511111114CF1E616348F7DC6DD1FD19C7396368FB33CE3A3CBAB75317E39A1CD2D7005A46441DC428F534CDA866ABBC94FB75C24A097B4665BC710BE7C45B1C6B851D6D7BAB6DEC2EA271CDEC1B4C47FB7C963964E685F03CB1E174CA4AB8AB2212C47107A7228888BC94A4444444444444444444445B1C13851D727B6B6E0D2DA269CD8C3B0CA7FB7CD7AC30BE7786306D516AEAE2A388CB29C00EBC82F6604C2E6BA465C6E0CFA2B0E71C6E1F684713F97CD53D7E31AD631AD63435AD1900064005FAB574B4CDA666AB7CD733B8DC24AF97B47E5B8701FB9A222292A02222222E25E2B5B6EB5D4D5BF2CA261700789E03B4E4142247BA491CF792E7B89249E2550F4A37402382D913B6B8FA5972E6F74799EC0A74B35769F5E5D41937D5740D19A3EC698CCECDFE832FBAF2635CF7B5AC04B9C7200712AEF68A31416BA5A56E5ECA36B491C4E5B4F7E6A55806DDFC431142E70F654DED9DD63EA8EFCBB95814BB3C3835D29DFB156695556B48CA71BB69F3CBF79A2CE63DB57F13B0C8E8DB9CF4DED5990DA40FAC3BBC82D1A2B696312B0B1D91599A69DD4D2B666660E2BE7B5C8A0AB9686B61AAA776ACB13839A7E1D4BB9C6F66368BCBFD1B72A59F3922D9B073B7B3CB259E58E918E85E5A730BAB432C7570891BB5AE1FA15E6D35F15CEDF055D39E44ADCF2FC27883D4572D4AF47B7EFE1D5BEA352FCA96A1DC924EC63F9FA8EEEE5545ABA3A91511876FDEB9A5D6DEEA0A831FCA768F0FC2222294AB51111111C039A438020EC20F1533C6783DD49E92BAD4C2EA7DAE9211BE3E91D1E5E54C451EA699950DD577D54FB7DC25A093B48F2DE3715F3DA2A562FC16DA9D7ACB3B1AC9B7BE01B03FA5BCC7A14DE463E37B99235CC7B4E45AE1910798ACB54D33E9DDAAFFAAE8F417186BE3D788EDDE3785E2888A3A9E88888888BC98C748F6B18D2E7B8E41A06649546C2182C43A9597960749BD94E7686F4BB9CF42914F4CFA876AB141AFB843431EBCA7C06F2BADC1B83DD5BA95B7461652EF64476193A4F337CD5358D6B18D6B1A1AD68C80032002FD45A8A6A56533755BF55CDEE17196BE4D7932DC370FDE28888A4A808888888B8F70AC8A82866AAA8765144D2E3D3D03A4EE5C8530D22DFC56D57F0DA57E74F03B391C3DF7F3750F351AAEA453C65E73DCAC6D740EAE9C4632CC9E4B2974AD96E3709EAE7FB495DAD9730E03B06C5C545DE60FB31BCDE238DED3EAD1F2E63D1CDDBBBBD64D8D74CFC06D2574C9248E9612F3B1AD1E8A81A3DB51B758C4D2B729EA8890F386FBA3E3DAB5080000003203822D8C31089818DDCB9555543AAA674CFCC944445E8A3AEA71459A3BDDAA4A7764D99BCB89E7DD77C8EE5159E1929E6921998592B1C5AE69DE08E0BE80587D2161C35711B9D13339E31ED983DF68F7BAC79752A9B9D1F68DED5998CFC169F476EA29DFF00E34A7BAECB91F63EAA66AA3807128AE85B6EAE7FD2E31946F71FB468E1D63C54B979C523E1959244E7324610E6B9A72208E2A9696A5D4CFD6196F5AEB95BE3AF84C6FD8771E07F735F40A2CAE0CC52CBBC429AB0B595EC1D4251CE3A79C7F8354B570CCC9981EC3B1732AAA592924314A302111117AA8E8888888B3D89F0BD25ED86419415806C95A3EB743871F35A145E7244C95BAAF1885ED4F512533C4911C08509BBDAAAED35460AD88B1DEEBB7B5E39C1E2B82AF770A1A6B8D33A9EB616CB11E0EE1D20F02A7388302D552974D6A26A60DFE8CFDA37FBBCFA167AAAD8F8BBD1ED1D56EEDBA450D400CA8EEBBA1F6F3FAAC52E6DA6D95775AA105144647F13EEB47393C169B0F606ABAC2D9AE9AD4B4FBFD1FDE3BB3DDEDDBD0A8F6EA0A5B6D3369E8A16C510E03793CE4F1294B6C7CBDE9360EA972D2286981641DE7741EFE4BA6C2F85696CAD12BF29EB48DB211B1BD0D1C3AD68D116862899137558300B0B51532D4BCC929C4944445E8BC111111111166B186278ACB0BA080892BDEDE4B7788FF33BE4BCE595B0B4BDE762F7A6A692AA41144312571B1DE2516CA734544FFA74A394E1F74D3C7ACF0EFE65295EC9E692A267CD3BDD24AF3ACE738E6495EB594ABAA754BF58E5B974DB65B996F87B36ED2733C4FB705E7146F9646471B4BDEF21AD6819924F0567C25656D92D4D89C01A993973387E2E6EA1F3E759CD1E61B3135B75AE6652387B061E03F11EBE1DEB7AADED747D98ED9F99CBC165348EEA2777F8B11EE8CF99E1E5EBE08888AE16591111111111114D31D61534AE92E56D67D1CED96268FB33CE3A3CBAB76197D08402323B429BE33C1CE80C95F698CBA1FAD240D1B59D2DE8E8E1D5BA86E16EC319621E216D6C77D0E029AA4EDDC7EC7DFF004E1637BA391AF8DC5AF69CDAE69C883CEA9584F1AC75219497873639F73273B1AFFD5CC7A7775299A2ACA6AA7D3BB599F45A1AFB7435F1EA4A36EE3BC2FA11148B0DE2FACB406C33675346366A38F2983F29F8792A5D9AF741788B5A8A70E701CA8DDB1EDEB1F1DCB4B4D5D1540C01C0F05CFAE167A8A138B862DE23EFC1764888A62AA444444444444444444444444444444445D7DDEF143698B5EBA76B0919B5836B9DD414D712E32ABBA874149AD4B4876100F2DE3A4FC078A89535B1538EF1C4F05696FB454571C58306F1397E569B166348A883E92D4E6CB55B9D2EF6C7D5CE7C14CA695F34AF9257B9F23CE6E738E6495E08B355354FA9762FCB82E836FB6C340CD58C6D399DE7F7822DA605C2C6E1236BEE0C2291A738D8E1F6A7FB7CD79E0DC1EEAC2CADBAB0B6977B213B0C9D279879AA631AD631AD63435AD1900064005616FB717112CA366E0A8AF97D11834D4C7BDBCF0E439FA78E5FA000321B02222D02C3A222222222222222222222222C762AC190DC4BEAADBAB0559DAE66E6487E07FCE9533ACA49E8AA1D055C4F8A56EF6B864AFAB8178B4515DE9FD157421F97D578D8E6F51555576C6CDDF8F61E85692D7A432528114FDE6751EEA14BCE19648656C90BDD1C8D39B5CD3911D456AEFF00822BA835A5A1CEB29C6DC9A3DA34748E3D9DCB24E05AE21C0823610782A0961921760F1815B7A6AB82AD9AD138387EE616C6CD8F2BA90363B831B5710D9AD9EABC76EE3FE6D5B4B5E2DB45C000DA910487DC9F907BF778A8CA2970DCE78B61388E6AB2AF47A92A7BCD1AA797B65E8BE836B839A1CD2083B411C57EA83515C6B684E747553C3D0C7900F58DCBBCA5C717A8320F9629C0FE6C63E192B28EF119F8DA475541368AD437FE4F0E1CF67BFAAAEA29B43A46A9197A7B7C2FFD1216F9E6B94DD23C6472AD8E07A26CFF006A902E74C7E6E8540768F5C1BFC78F98F75BF45807691E3CB936C793D3365FB571A6D23541FB0B7C2CFD7217790086E74C3E6E851BA3D7077F1E1E63DD521090D0492001B492A49558E6F538219243003FCA8C7EECD7455B72ADAE3F4CAB9E61CCF7920766E51E4BC443E0693D14F87456A1DFF5786F5F6F555CBA62BB45B811255366907DDC3CB3DFB876958BBC63EADA9D68EDB1B69633EF9E53CFC07F9B562D1574D739A5D80E0397BABEA4D1DA4A7EF386B9E797D3DF15EC9E696A2574B3C8F96476D2E79CC9ED5EB5FA012400332782D55870557DC4B65AB068E98EDCDE396E1D0DE1DAA1C70C933B060C4AB5A8AA82919AD2B8347EE41666969E6AB9D90D344F96579C9AD68CC954AC2B82A2A22CAABA86CD5236B62DEC675F39F05A4B2D9686CF07A3A28435C472A476D7BBACFC372EC55FD25B1B177E5DA7A2C4DD348A4A9062A7EEB78EF3EC8888AD5665111111111111111111111111111111111111175778B05B6EC09ACA769972C84ACE4BC76F1ED5DA22F97B1AF1AAE1885E914AF85DAF1920F2535BAE8F6A6325F6CA964CCFE5CBC9777EE3E0B2970B45C2DC48ADA49A203DE2DCDBFD4362BAA1DA322AB25B4C4FDAC3AAB434BA4F5516C94078FA1FDF25F3DA2B85661FB4D6666A28202E3BDCD6EA13DA322BA6A9C036894E713AA61E86BC11E20A80FB44C3E120ABA8B4A695FF00F4696F5FDFA29422A34BA3888FD95C9EDFD50877C42E3FFA732FFB933FF09F9AF036DA91F2F51EEA6B7482DE7F93A1F658145BEFF4E65FF728FF00F11F9AE445A388C1F6B727B87E58437F71416DA93F2F51EE8ED20B78FE4E87D94E5155A9F005A63DB2BEAA63CCE7803C02EE68F0EDA28C8305BE00E1B8BDBAE476BB35EECB44C7E2202852E94D2B3E069774FDFA28ED05AABEE0ECA8A926987E26B7923B772D5DAB47D57296BEE550C819C591F29DDFB878AA60000000C80E08A7C569899B5E71E8A96A74A2A65D9100C1F53EDD175367C3B6DB4806969C1947DEC9CA7F7F0ECC976C88ACD8C6B06AB460167A59A499DAF23893CD11117D2F34444444444444444445FFD9)
go
--truncate table Seguridad.Usuario
/********************USUARIO*******************/
insert into Seguridad.Usuario values(1,'Admin','MkiUR45qvk9IJL1Wm0iHnv8383Q=',1,1,1)
go
insert into Seguridad.Usuario values(11,'lquinter','MkiUR45qvk9IJL1Wm0iHnv8383Q=',1,1,2)
go
insert into Seguridad.Usuario values(21,'rbaria','bKVXJkA70wzCRu8X5dZ79Z+SmHU=',1,2,2)
go
insert into Seguridad.Usuario values(31,'rogerax','bKVXJkA70wzCRu8X5dZ79Z+SmHU=',1,2,1)
go
insert into Seguridad.Usuario values(41,'macastro','bKVXJkA70wzCRu8X5dZ79Z+SmHU=',1,1,1)
go
insert into Seguridad.Usuario values(51,'barceman','MkiUR45qvk9IJL1Wm0iHnv8383Q=',1,2,null)
go
insert into Seguridad.Usuario values(61,'hecmar','2Kn1OBOdBjiSr8Ey6Jc2uwffp/8=',1,2,null)
go
insert into Seguridad.Usuario (IdUsuario,NombreUsuario,Contrasena,IdEstado)
values (117,'compras2013','compras',1)

--truncate table Seguridad.UsuarioPorEmpresa
/*****************USUARIO POR EMPRESA***********/
insert into Seguridad.UsuarioPorEmpresa values(1,1,'a')
go
insert into Seguridad.UsuarioPorEmpresa values(11,1,'a')
go
insert into Seguridad.UsuarioPorEmpresa values(21,1,'a')
go
insert into Seguridad.UsuarioPorEmpresa values(31,1,'a')
go
insert into Seguridad.UsuarioPorEmpresa values(41,1,'a')
go
insert into Seguridad.UsuarioPorEmpresa values(51,2,'a')
go
insert into Seguridad.UsuarioPorEmpresa values(61,1,'a')
go
insert into Seguridad.UsuarioPorEmpresa values(31,3,'a')
go
insert into Seguridad.UsuarioPorEmpresa values(31,4,'a')
go


--truncate table Seguridad.Modulo
/*********************MODULO*******************/
insert into Seguridad.Modulo  values(1,'Seguridad',1,'seguridad')
go
insert into Seguridad.Modulo  values (2,'Compras',1,'compras')
go
insert into Seguridad.Modulo  values(3,'Inventario',1,'inventario')
go
insert into Seguridad.Modulo  values (4,'Facturacion',1,'facturacion')
go
insert into Seguridad.Modulo  values (5,'Cuentas Por Pagar',1,'cuentasporpagar')
go
insert into Seguridad.Modulo  values (6,'Cuentas Por Cobrar',1,'cuentasporcobrar')
go
insert into Seguridad.Modulo  values (7,'Contabilidad',1,'contabilidad')
go
insert into Seguridad.Modulo  values (8,'Recursos Humanos',1,'recursoshumanos')
go
insert into Seguridad.Modulo  values (9,'Activo Fijo',1,'activofijo')
go
insert into Seguridad.Modulo  values (10,'Taller',1,'shelf02')
go


--truncate table Seguridad.Menu
/*********************MENU**********************/
--INSERT [Seguridad].[Menu] ([IdMenu], [IdModulo], [IdPadre], [Descripcion], [NombreFormulario], [NombreAssembly], [IdEstado]) VALUES (1, 1, NULL,  'Mantenimiento', NULL, NULL, 1)
--INSERT [Seguridad].[Menu] ([IdMenu], [IdModulo], [IdPadre], [Descripcion], [NombreFormulario], [NombreAssembly], [IdEstado]) VALUES (2, 1, 1,  'Usuario',  'Seguridad.frmCrearUsuario',  'forms', 1)
--INSERT [Seguridad].[Menu] ([IdMenu], [IdModulo], [IdPadre], [Descripcion], [NombreFormulario], [NombreAssembly], [IdEstado]) VALUES (3, 1, 1,  'Creacion Perfiles',  'Seguridad.frmCrearPerfil',  'forms', 1)
--INSERT [Seguridad].[Menu] ([IdMenu], [IdModulo], [IdPadre], [Descripcion], [NombreFormulario], [NombreAssembly], [IdEstado]) VALUES (4, 1, 1,  'Monitoreo de Usuarios',  'Seguridad.frmMonitoreoUsuarios',  'forms', 1)
--INSERT [Seguridad].[Menu] ([IdMenu], [IdModulo], [IdPadre], [Descripcion], [NombreFormulario], [NombreAssembly], [IdEstado]) VALUES (5, 1, 1,  'Datos de la Empresa',  'Seguridad.frmEmpresa',  'forms', 1)
--INSERT [Seguridad].[Menu] ([IdMenu], [IdModulo], [IdPadre], [Descripcion], [NombreFormulario], [NombreAssembly], [IdEstado]) VALUES (6, 1, 1,  'Imagen de Seguridad',  'Seguridad.frmFotoSeguridad',  'forms', 1)
--INSERT [Seguridad].[Menu] ([IdMenu], [IdModulo], [IdPadre], [Descripcion], [NombreFormulario], [NombreAssembly], [IdEstado]) VALUES (7, 1, NULL,  'Proceso', NULL, NULL, 1)
--INSERT [Seguridad].[Menu] ([IdMenu], [IdModulo], [IdPadre], [Descripcion], [NombreFormulario], [NombreAssembly], [IdEstado]) VALUES (8, 1, 7,  'Cambio de Contraseña',  'Seguridad.frmCambiarContrasena',  'forms', 1)
--INSERT [Seguridad].[Menu] ([IdMenu], [IdModulo], [IdPadre], [Descripcion], [NombreFormulario], [NombreAssembly], [IdEstado]) VALUES (9, 1, 7,  'Asignar Permisos',  'Seguridad.frmAsignarPerfil',  'forms', 1)
--INSERT [Seguridad].[Menu] ([IdMenu], [IdModulo], [IdPadre], [Descripcion], [NombreFormulario], [NombreAssembly], [IdEstado]) VALUES (10, 1, 7,  'Monitoreo de Usuarios',  'Seguridad.frmMonitoreoUsuarios',  'forms', 1)
--INSERT [Seguridad].[Menu] ([IdMenu], [IdModulo], [IdPadre], [Descripcion], [NombreFormulario], [NombreAssembly], [IdEstado]) VALUES (11, 1, NULL,  'Reportes', NULL, NULL, 1)
--INSERT [Seguridad].[Menu] ([IdMenu], [IdModulo], [IdPadre], [Descripcion], [NombreFormulario], [NombreAssembly], [IdEstado]) VALUES (12, 1, 11,  'Acceso de Usuarios',  'Seguridad.frmRptAccesoxUsuario',  'forms', 1)
--INSERT [Seguridad].[Menu] ([IdMenu], [IdModulo], [IdPadre], [Descripcion], [NombreFormulario], [NombreAssembly], [IdEstado]) VALUES (13, 1, 11,  'Acceso a Horarios',  'Seguridad.frmRptHorarioAccesoxUsuario',  'forms', 1)
--INSERT [Seguridad].[Menu] ([IdMenu], [IdModulo], [IdPadre], [Descripcion], [NombreFormulario], [NombreAssembly], [IdEstado]) VALUES (14, 1, 11,  'Tipos de Usuarios',  'Seguridad.frmRptEstadoxUsuario',  'forms', 1)
--INSERT [Seguridad].[Menu] ([IdMenu], [IdModulo], [IdPadre], [Descripcion], [NombreFormulario], [NombreAssembly], [IdEstado]) VALUES (15, 1, 11,  'Privilegios de Usuarios',  'Seguridad.frmRptPrivilegiosxUsuario',  'forms', 1)
--INSERT [Seguridad].[Menu] ([IdMenu], [IdModulo], [IdPadre], [Descripcion], [NombreFormulario], [NombreAssembly], [IdEstado]) VALUES (16, 2, NULL,  'Mantenimiento', NULL, NULL, 1)
--INSERT [Seguridad].[Menu] ([IdMenu], [IdModulo], [IdPadre], [Descripcion], [NombreFormulario], [NombreAssembly], [IdEstado]) VALUES (17, 2, 16,  'Tipo de Pedido', NULL,  'forms', 1)
--INSERT [Seguridad].[Menu] ([IdMenu], [IdModulo], [IdPadre], [Descripcion], [NombreFormulario], [NombreAssembly], [IdEstado]) VALUES (18, 2, 16,  'Proovedores', NULL,  'forms', 1)
--INSERT [Seguridad].[Menu] ([IdMenu], [IdModulo], [IdPadre], [Descripcion], [NombreFormulario], [NombreAssembly], [IdEstado]) VALUES (19, 2, 16,  'Empleados', NULL,  'forms', 1)
--INSERT [Seguridad].[Menu] ([IdMenu], [IdModulo], [IdPadre], [Descripcion], [NombreFormulario], [NombreAssembly], [IdEstado]) VALUES (20, 2, NULL,  'Procesos', NULL, NULL, 1)
--INSERT [Seguridad].[Menu] ([IdMenu], [IdModulo], [IdPadre], [Descripcion], [NombreFormulario], [NombreAssembly], [IdEstado]) VALUES (21, 2, 20,  'Pedido', NULL,  'forms', 1)
--INSERT [Seguridad].[Menu] ([IdMenu], [IdModulo], [IdPadre], [Descripcion], [NombreFormulario], [NombreAssembly], [IdEstado]) VALUES (22, 2, 20,  'Consultar', NULL,  'forms', 1)
--INSERT [Seguridad].[Menu] ([IdMenu], [IdModulo], [IdPadre], [Descripcion], [NombreFormulario], [NombreAssembly], [IdEstado]) VALUES (23, 2, 20,  'Orden de Compra', NULL,  'forms', 1)
--INSERT [Seguridad].[Menu] ([IdMenu], [IdModulo], [IdPadre], [Descripcion], [NombreFormulario], [NombreAssembly], [IdEstado]) VALUES (24, 2, NULL,  'Consultas/Reportes', NULL, NULL, 1)
--INSERT [Seguridad].[Menu] ([IdMenu], [IdModulo], [IdPadre], [Descripcion], [NombreFormulario], [NombreAssembly], [IdEstado]) VALUES (25, 2, 24,  'Pedidos', NULL,  'forms', 1)
--INSERT [Seguridad].[Menu] ([IdMenu], [IdModulo], [IdPadre], [Descripcion], [NombreFormulario], [NombreAssembly], [IdEstado]) VALUES (26, 2, 24,  'Consolidacion', NULL,  'forms', 1)
--INSERT [Seguridad].[Menu] ([IdMenu], [IdModulo], [IdPadre], [Descripcion], [NombreFormulario], [NombreAssembly], [IdEstado]) VALUES (27, 2, 24,  'Orden de Compra', NULL,  'forms', 1)
--INSERT [Seguridad].[Menu] ([IdMenu], [IdModulo], [IdPadre], [Descripcion], [NombreFormulario], [NombreAssembly], [IdEstado]) VALUES (28, 3, NULL,  'Mantenimiento', NULL, NULL, 1)
--INSERT [Seguridad].[Menu] ([IdMenu], [IdModulo], [IdPadre], [Descripcion], [NombreFormulario], [NombreAssembly], [IdEstado]) VALUES (29, 3, 28,  'Producto', NULL,  'forms', 1)
--INSERT [Seguridad].[Menu] ([IdMenu], [IdModulo], [IdPadre], [Descripcion], [NombreFormulario], [NombreAssembly], [IdEstado]) VALUES (30, 3, 28,  'Distribucion Articulos', NULL,  'forms', 1)
--INSERT [Seguridad].[Menu] ([IdMenu], [IdModulo], [IdPadre], [Descripcion], [NombreFormulario], [NombreAssembly], [IdEstado]) VALUES (31, 3, 28,  'Toma Fisica', NULL,  'forms', 1)
--INSERT [Seguridad].[Menu] ([IdMenu], [IdModulo], [IdPadre], [Descripcion], [NombreFormulario], [NombreAssembly], [IdEstado]) VALUES (32, 3, 28,  'Costeo', NULL,  'forms', 1)
--INSERT [Seguridad].[Menu] ([IdMenu], [IdModulo], [IdPadre], [Descripcion], [NombreFormulario], [NombreAssembly], [IdEstado]) VALUES (33, 3, NULL,  'Proceso', NULL, NULL, 1)
--INSERT [Seguridad].[Menu] ([IdMenu], [IdModulo], [IdPadre], [Descripcion], [NombreFormulario], [NombreAssembly], [IdEstado]) VALUES (34, 3, 33,  'Ingreso/Egreso', NULL,  'forms', 1)
--INSERT [Seguridad].[Menu] ([IdMenu], [IdModulo], [IdPadre], [Descripcion], [NombreFormulario], [NombreAssembly], [IdEstado]) VALUES (35, 3, 33,  'Distribucion', NULL,  'forms', 1)
--INSERT [Seguridad].[Menu] ([IdMenu], [IdModulo], [IdPadre], [Descripcion], [NombreFormulario], [NombreAssembly], [IdEstado]) VALUES (36, 3, 33,  'Toma Fisica', NULL,  'forms', 1)
--INSERT [Seguridad].[Menu] ([IdMenu], [IdModulo], [IdPadre], [Descripcion], [NombreFormulario], [NombreAssembly], [IdEstado]) VALUES (37, 3, 33,  'Transferencia de Bodega', NULL,  'forms', 1)
--INSERT [Seguridad].[Menu] ([IdMenu], [IdModulo], [IdPadre], [Descripcion], [NombreFormulario], [NombreAssembly], [IdEstado]) VALUES (38, 3, NULL,  'Consustas/Reportes', NULL, NULL, 1)
--INSERT [Seguridad].[Menu] ([IdMenu], [IdModulo], [IdPadre], [Descripcion], [NombreFormulario], [NombreAssembly], [IdEstado]) VALUES (39, 3, 38,  'Productos en Bodega', NULL,  'forms', 1)
--INSERT [Seguridad].[Menu] ([IdMenu], [IdModulo], [IdPadre], [Descripcion], [NombreFormulario], [NombreAssembly], [IdEstado]) VALUES (40, 4, NULL,  'Mantenimiento', NULL, NULL, 1)
--INSERT [Seguridad].[Menu] ([IdMenu], [IdModulo], [IdPadre], [Descripcion], [NombreFormulario], [NombreAssembly], [IdEstado]) VALUES (41, 4, 40,  'Promosiones/Descuentos', NULL,  'forms', 1)
--INSERT [Seguridad].[Menu] ([IdMenu], [IdModulo], [IdPadre], [Descripcion], [NombreFormulario], [NombreAssembly], [IdEstado]) VALUES (42, 4, 40,  'Accesorios', NULL,  'forms', 1)
--INSERT [Seguridad].[Menu] ([IdMenu], [IdModulo], [IdPadre], [Descripcion], [NombreFormulario], [NombreAssembly], [IdEstado]) VALUES (43, 4, 40,  'Producto', NULL,  'forms', 1)
--INSERT [Seguridad].[Menu] ([IdMenu], [IdModulo], [IdPadre], [Descripcion], [NombreFormulario], [NombreAssembly], [IdEstado]) VALUES (44, 4, 40,  'Porcentaje de Comision', NULL,  'forms', 1)
--INSERT [Seguridad].[Menu] ([IdMenu], [IdModulo], [IdPadre], [Descripcion], [NombreFormulario], [NombreAssembly], [IdEstado]) VALUES (45, 4, 40,  'Tipo de Pago', NULL,  'forms', 1)
--INSERT [Seguridad].[Menu] ([IdMenu], [IdModulo], [IdPadre], [Descripcion], [NombreFormulario], [NombreAssembly], [IdEstado]) VALUES (46, 4, 40,  'Persona', NULL,  'forms', 1)
--INSERT [Seguridad].[Menu] ([IdMenu], [IdModulo], [IdPadre], [Descripcion], [NombreFormulario], [NombreAssembly], [IdEstado]) VALUES (47, 4, NULL,  'Proceso', NULL, NULL, 1)
--INSERT [Seguridad].[Menu] ([IdMenu], [IdModulo], [IdPadre], [Descripcion], [NombreFormulario], [NombreAssembly], [IdEstado]) VALUES (48, 4, 47,  'Ventas', NULL,  'forms', 1)
--INSERT [Seguridad].[Menu] ([IdMenu], [IdModulo], [IdPadre], [Descripcion], [NombreFormulario], [NombreAssembly], [IdEstado]) VALUES (49, 4, 47,  'Cotizacion', NULL,  'forms', 1)
--INSERT [Seguridad].[Menu] ([IdMenu], [IdModulo], [IdPadre], [Descripcion], [NombreFormulario], [NombreAssembly], [IdEstado]) VALUES (50, 4, 47,  'Devolucion en Ventas', NULL,  'forms', 1)
--INSERT [Seguridad].[Menu] ([IdMenu], [IdModulo], [IdPadre], [Descripcion], [NombreFormulario], [NombreAssembly], [IdEstado]) VALUES (51, 4, NULL,  'Mantenimiento', NULL, NULL, 1)
--INSERT [Seguridad].[Menu] ([IdMenu], [IdModulo], [IdPadre], [Descripcion], [NombreFormulario], [NombreAssembly], [IdEstado]) VALUES (52, 4, 50,  'Promosiones/Descuentos', NULL,  'forms', 1)
--INSERT [Seguridad].[Menu] ([IdMenu], [IdModulo], [IdPadre], [Descripcion], [NombreFormulario], [NombreAssembly], [IdEstado]) VALUES (53, 4, 50,  'Accesorios', NULL,  'forms', 1)
--INSERT [Seguridad].[Menu] ([IdMenu], [IdModulo], [IdPadre], [Descripcion], [NombreFormulario], [NombreAssembly], [IdEstado]) VALUES (54, 4, 50,  'Producto', NULL,  'forms', 1)
--INSERT [Seguridad].[Menu] ([IdMenu], [IdModulo], [IdPadre], [Descripcion], [NombreFormulario], [NombreAssembly], [IdEstado]) VALUES (55, 4, 50,  'Porcentaje de Comision', NULL,  'forms', 1)
--INSERT [Seguridad].[Menu] ([IdMenu], [IdModulo], [IdPadre], [Descripcion], [NombreFormulario], [NombreAssembly], [IdEstado]) VALUES (56, 4, 50,  'Tipo de Pago', NULL,  'forms', 1)
--INSERT [Seguridad].[Menu] ([IdMenu], [IdModulo], [IdPadre], [Descripcion], [NombreFormulario], [NombreAssembly], [IdEstado]) VALUES (57, 4, 50,  'Persona', NULL,  'forms', 1)
--INSERT [Seguridad].[Menu] ([IdMenu], [IdModulo], [IdPadre], [Descripcion], [NombreFormulario], [NombreAssembly], [IdEstado]) VALUES (58, 4, NULL,  'Proceso', NULL, NULL, 1)
--INSERT [Seguridad].[Menu] ([IdMenu], [IdModulo], [IdPadre], [Descripcion], [NombreFormulario], [NombreAssembly], [IdEstado]) VALUES (59, 4, 57,  'Ventas', NULL,  'forms', 1)
--INSERT [Seguridad].[Menu] ([IdMenu], [IdModulo], [IdPadre], [Descripcion], [NombreFormulario], [NombreAssembly], [IdEstado]) VALUES (60, 4, 57,  'Cotizacion', NULL,  'forms', 1)
--INSERT [Seguridad].[Menu] ([IdMenu], [IdModulo], [IdPadre], [Descripcion], [NombreFormulario], [NombreAssembly], [IdEstado]) VALUES (61, 4, 57,  'Devolucion en Ventas', NULL,  'forms', 1)
--INSERT [Seguridad].[Menu] ([IdMenu], [IdModulo], [IdPadre], [Descripcion], [NombreFormulario], [NombreAssembly], [IdEstado]) VALUES (62, 4, NULL,  'Consultas/Reportes', NULL, NULL, 1)
--INSERT [Seguridad].[Menu] ([IdMenu], [IdModulo], [IdPadre], [Descripcion], [NombreFormulario], [NombreAssembly], [IdEstado]) VALUES (63, 4, 61,  'Promosiones/Descuentos', NULL,  'forms', 1)
--INSERT [Seguridad].[Menu] ([IdMenu], [IdModulo], [IdPadre], [Descripcion], [NombreFormulario], [NombreAssembly], [IdEstado]) VALUES (64, 4, 61,  'Accesorios', NULL,  'forms', 1)
--INSERT [Seguridad].[Menu] ([IdMenu], [IdModulo], [IdPadre], [Descripcion], [NombreFormulario], [NombreAssembly], [IdEstado]) VALUES (65, 4, 61,  'Producto', NULL,  'forms', 1)
--INSERT [Seguridad].[Menu] ([IdMenu], [IdModulo], [IdPadre], [Descripcion], [NombreFormulario], [NombreAssembly], [IdEstado]) VALUES (66, 4, 61,  'Porcentaje de Comision', NULL,  'forms', 1)
--INSERT [Seguridad].[Menu] ([IdMenu], [IdModulo], [IdPadre], [Descripcion], [NombreFormulario], [NombreAssembly], [IdEstado]) VALUES (67, 4, 61,  'Tipo de Pago', NULL,  'forms', 1)
--INSERT [Seguridad].[Menu] ([IdMenu], [IdModulo], [IdPadre], [Descripcion], [NombreFormulario], [NombreAssembly], [IdEstado]) VALUES (68, 4, 61,  'Persona', NULL,  'forms', 1)
--INSERT [Seguridad].[Menu] ([IdMenu], [IdModulo], [IdPadre], [Descripcion], [NombreFormulario], [NombreAssembly], [IdEstado]) VALUES (69, 5, NULL,  'Mantenimiento', NULL, NULL, 1)
--INSERT [Seguridad].[Menu] ([IdMenu], [IdModulo], [IdPadre], [Descripcion], [NombreFormulario], [NombreAssembly], [IdEstado]) VALUES (70, 5, 69,  'Banco', NULL,  'forms', 1)
--INSERT [Seguridad].[Menu] ([IdMenu], [IdModulo], [IdPadre], [Descripcion], [NombreFormulario], [NombreAssembly], [IdEstado]) VALUES (71, 5, 69,  'Tipos de Inventario', NULL,  'forms', 1)
--INSERT [Seguridad].[Menu] ([IdMenu], [IdModulo], [IdPadre], [Descripcion], [NombreFormulario], [NombreAssembly], [IdEstado]) VALUES (72, 5, 69,  'Tarjeta de Credito', NULL,  'forms', 1)
--INSERT [Seguridad].[Menu] ([IdMenu], [IdModulo], [IdPadre], [Descripcion], [NombreFormulario], [NombreAssembly], [IdEstado]) VALUES (73, 5, NULL,  'Proceso', NULL, NULL, 1)
--INSERT [Seguridad].[Menu] ([IdMenu], [IdModulo], [IdPadre], [Descripcion], [NombreFormulario], [NombreAssembly], [IdEstado]) VALUES (74, 5, 73,  'Cobro', NULL,  'forms', 1)
--INSERT [Seguridad].[Menu] ([IdMenu], [IdModulo], [IdPadre], [Descripcion], [NombreFormulario], [NombreAssembly], [IdEstado]) VALUES (75, 5, 73,  'Caja', NULL,  'forms', 1)
--INSERT [Seguridad].[Menu] ([IdMenu], [IdModulo], [IdPadre], [Descripcion], [NombreFormulario], [NombreAssembly], [IdEstado]) VALUES (76, 5, 73,  'Transacciones', NULL,  'forms', 1)
--INSERT [Seguridad].[Menu] ([IdMenu], [IdModulo], [IdPadre], [Descripcion], [NombreFormulario], [NombreAssembly], [IdEstado]) VALUES (77, 5, 73,  'Inventario', NULL,  'forms', 1)
--INSERT [Seguridad].[Menu] ([IdMenu], [IdModulo], [IdPadre], [Descripcion], [NombreFormulario], [NombreAssembly], [IdEstado]) VALUES (78, 5, 73,  'Conciliacion Bancaria', NULL,  'forms', 1)
--INSERT [Seguridad].[Menu] ([IdMenu], [IdModulo], [IdPadre], [Descripcion], [NombreFormulario], [NombreAssembly], [IdEstado]) VALUES (79, 5, 73,  'Ingreso por Ventas', NULL,  'forms', 1)
--INSERT [Seguridad].[Menu] ([IdMenu], [IdModulo], [IdPadre], [Descripcion], [NombreFormulario], [NombreAssembly], [IdEstado]) VALUES (80, 5, NULL,  'Consultas/Reportes', NULL, NULL, 1)
--INSERT [Seguridad].[Menu] ([IdMenu], [IdModulo], [IdPadre], [Descripcion], [NombreFormulario], [NombreAssembly], [IdEstado]) VALUES (81, 5, 80,  'Conciliacion Bancaria', NULL,  'forms', 1)
--INSERT [Seguridad].[Menu] ([IdMenu], [IdModulo], [IdPadre], [Descripcion], [NombreFormulario], [NombreAssembly], [IdEstado]) VALUES (82, 5, 80,  'Transacciones', NULL,  'forms', 1)
--INSERT [Seguridad].[Menu] ([IdMenu], [IdModulo], [IdPadre], [Descripcion], [NombreFormulario], [NombreAssembly], [IdEstado]) VALUES (83, 5, 80,  'Caja', NULL,  'forms', 1)
--INSERT [Seguridad].[Menu] ([IdMenu], [IdModulo], [IdPadre], [Descripcion], [NombreFormulario], [NombreAssembly], [IdEstado]) VALUES (84, 6, NULL,  'Mantenimiento', NULL, NULL, 1)
--INSERT [Seguridad].[Menu] ([IdMenu], [IdModulo], [IdPadre], [Descripcion], [NombreFormulario], [NombreAssembly], [IdEstado]) VALUES (85, 6, 84,  'Conciliacion Bancaria', NULL,  'forms', 1)
--INSERT [Seguridad].[Menu] ([IdMenu], [IdModulo], [IdPadre], [Descripcion], [NombreFormulario], [NombreAssembly], [IdEstado]) VALUES (86, 6, 84,  'Mantenimiento', NULL,  'forms', 1)
--INSERT [Seguridad].[Menu] ([IdMenu], [IdModulo], [IdPadre], [Descripcion], [NombreFormulario], [NombreAssembly], [IdEstado]) VALUES (87, 6, 84,  'Banco', NULL,  'forms', 1)
--INSERT [Seguridad].[Menu] ([IdMenu], [IdModulo], [IdPadre], [Descripcion], [NombreFormulario], [NombreAssembly], [IdEstado]) VALUES (88, 6, NULL,  'Proceso', NULL, NULL, 1)
--INSERT [Seguridad].[Menu] ([IdMenu], [IdModulo], [IdPadre], [Descripcion], [NombreFormulario], [NombreAssembly], [IdEstado]) VALUES (89, 6, 88,  'Cobro', NULL,  'forms', 1)
--INSERT [Seguridad].[Menu] ([IdMenu], [IdModulo], [IdPadre], [Descripcion], [NombreFormulario], [NombreAssembly], [IdEstado]) VALUES (90, 6, 88,  'Caja', NULL,  'forms', 1)
--INSERT [Seguridad].[Menu] ([IdMenu], [IdModulo], [IdPadre], [Descripcion], [NombreFormulario], [NombreAssembly], [IdEstado]) VALUES (91, 6, 88,  'Transacciones', NULL,  'forms', 1)
--INSERT [Seguridad].[Menu] ([IdMenu], [IdModulo], [IdPadre], [Descripcion], [NombreFormulario], [NombreAssembly], [IdEstado]) VALUES (92, 6, 88,  'Inventario', NULL,  'forms', 1)
--INSERT [Seguridad].[Menu] ([IdMenu], [IdModulo], [IdPadre], [Descripcion], [NombreFormulario], [NombreAssembly], [IdEstado]) VALUES (93, 6, 88,  'Conciliacion Bancaria', NULL,  'forms', 1)
--INSERT [Seguridad].[Menu] ([IdMenu], [IdModulo], [IdPadre], [Descripcion], [NombreFormulario], [NombreAssembly], [IdEstado]) VALUES (94, 6, 88,  'Ingreso por Ventas', NULL,  'forms', 1)
--INSERT [Seguridad].[Menu] ([IdMenu], [IdModulo], [IdPadre], [Descripcion], [NombreFormulario], [NombreAssembly], [IdEstado]) VALUES (95, 6, NULL,  'Consultas/Reportes', NULL, NULL, 1)
--INSERT [Seguridad].[Menu] ([IdMenu], [IdModulo], [IdPadre], [Descripcion], [NombreFormulario], [NombreAssembly], [IdEstado]) VALUES (96, 6, 95,  'Conciliacion Bancaria', NULL,  'forms', 1)
--INSERT [Seguridad].[Menu] ([IdMenu], [IdModulo], [IdPadre], [Descripcion], [NombreFormulario], [NombreAssembly], [IdEstado]) VALUES (97, 6, 95,  'Transacciones', NULL,  'forms', 1)
--INSERT [Seguridad].[Menu] ([IdMenu], [IdModulo], [IdPadre], [Descripcion], [NombreFormulario], [NombreAssembly], [IdEstado]) VALUES (98, 6, 95,  'Caja', NULL,  'forms', 1)
--INSERT [Seguridad].[Menu] ([IdMenu], [IdModulo], [IdPadre], [Descripcion], [NombreFormulario], [NombreAssembly], [IdEstado]) VALUES (99, 7, NULL,  'Mantenimiento', NULL, NULL, 1)
--INSERT [Seguridad].[Menu] ([IdMenu], [IdModulo], [IdPadre], [Descripcion], [NombreFormulario], [NombreAssembly], [IdEstado]) VALUES (100, 7, 99,  'Banco', NULL,  'forms', 1)
--INSERT [Seguridad].[Menu] ([IdMenu], [IdModulo], [IdPadre], [Descripcion], [NombreFormulario], [NombreAssembly], [IdEstado]) VALUES (101, 7, 99,  'Tipos de Inventario', NULL,  'forms', 1)
--GO
--INSERT [Seguridad].[Menu] ([IdMenu], [IdModulo], [IdPadre], [Descripcion], [NombreFormulario], [NombreAssembly], [IdEstado]) VALUES (102, 7, 99,  'Tarjeta de Credito', NULL,  'forms', 1)
--INSERT [Seguridad].[Menu] ([IdMenu], [IdModulo], [IdPadre], [Descripcion], [NombreFormulario], [NombreAssembly], [IdEstado]) VALUES (103, 7, NULL,  'Proceso', NULL, NULL, 1)
--INSERT [Seguridad].[Menu] ([IdMenu], [IdModulo], [IdPadre], [Descripcion], [NombreFormulario], [NombreAssembly], [IdEstado]) VALUES (104, 7, 103,  'Cobro', NULL,  'forms', 1)
--INSERT [Seguridad].[Menu] ([IdMenu], [IdModulo], [IdPadre], [Descripcion], [NombreFormulario], [NombreAssembly], [IdEstado]) VALUES (105, 7, 103,  'Caja', NULL,  'forms', 1)
--INSERT [Seguridad].[Menu] ([IdMenu], [IdModulo], [IdPadre], [Descripcion], [NombreFormulario], [NombreAssembly], [IdEstado]) VALUES (106, 7, 103,  'Transacciones', NULL,  'forms', 1)
--INSERT [Seguridad].[Menu] ([IdMenu], [IdModulo], [IdPadre], [Descripcion], [NombreFormulario], [NombreAssembly], [IdEstado]) VALUES (107, 7, 103,  'Inventario', NULL,  'forms', 1)
--INSERT [Seguridad].[Menu] ([IdMenu], [IdModulo], [IdPadre], [Descripcion], [NombreFormulario], [NombreAssembly], [IdEstado]) VALUES (108, 7, 103,  'Conciliacion Bancaria', NULL,  'forms', 1)
--INSERT [Seguridad].[Menu] ([IdMenu], [IdModulo], [IdPadre], [Descripcion], [NombreFormulario], [NombreAssembly], [IdEstado]) VALUES (109, 7, 103,  'Ingreso por Ventas', NULL,  'forms', 1)
--INSERT [Seguridad].[Menu] ([IdMenu], [IdModulo], [IdPadre], [Descripcion], [NombreFormulario], [NombreAssembly], [IdEstado]) VALUES (110, 7, NULL,  'Consultas/Reportes', NULL, NULL, 1)
--INSERT [Seguridad].[Menu] ([IdMenu], [IdModulo], [IdPadre], [Descripcion], [NombreFormulario], [NombreAssembly], [IdEstado]) VALUES (111, 7, 110,  'Conciliacion Bancaria', NULL,  'forms', 1)
--INSERT [Seguridad].[Menu] ([IdMenu], [IdModulo], [IdPadre], [Descripcion], [NombreFormulario], [NombreAssembly], [IdEstado]) VALUES (112, 7, 110,  'Mantenimiento', NULL, NULL, 1)
--INSERT [Seguridad].[Menu] ([IdMenu], [IdModulo], [IdPadre], [Descripcion], [NombreFormulario], [NombreAssembly], [IdEstado]) VALUES (113, 7, 110,  'Banco', NULL,  'forms', 1)
--INSERT [Seguridad].[Menu] ([IdMenu], [IdModulo], [IdPadre], [Descripcion], [NombreFormulario], [NombreAssembly], [IdEstado]) VALUES (114, 7, 110,  'Tipos de Inventario', NULL,  'forms', 1)
--INSERT [Seguridad].[Menu] ([IdMenu], [IdModulo], [IdPadre], [Descripcion], [NombreFormulario], [NombreAssembly], [IdEstado]) VALUES (115, 8, NULL,  'Mantenimiento', NULL, NULL, 1)
--INSERT [Seguridad].[Menu] ([IdMenu], [IdModulo], [IdPadre], [Descripcion], [NombreFormulario], [NombreAssembly], [IdEstado]) VALUES (116, 8, 115,  'Banco', NULL,  'forms', 1)
--INSERT [Seguridad].[Menu] ([IdMenu], [IdModulo], [IdPadre], [Descripcion], [NombreFormulario], [NombreAssembly], [IdEstado]) VALUES (117, 8, 115,  'Tipos de Inventario', NULL,  'forms', 1)
--INSERT [Seguridad].[Menu] ([IdMenu], [IdModulo], [IdPadre], [Descripcion], [NombreFormulario], [NombreAssembly], [IdEstado]) VALUES (118, 8, 115,  'Tarjeta de Credito', NULL,  'forms', 1)
--INSERT [Seguridad].[Menu] ([IdMenu], [IdModulo], [IdPadre], [Descripcion], [NombreFormulario], [NombreAssembly], [IdEstado]) VALUES (119, 8, NULL,  'Proceso', NULL, NULL, 1)
--INSERT [Seguridad].[Menu] ([IdMenu], [IdModulo], [IdPadre], [Descripcion], [NombreFormulario], [NombreAssembly], [IdEstado]) VALUES (120, 8, 119,  'Cobro', NULL,  'forms', 1)
--INSERT [Seguridad].[Menu] ([IdMenu], [IdModulo], [IdPadre], [Descripcion], [NombreFormulario], [NombreAssembly], [IdEstado]) VALUES (121, 8, 119,  'Caja', NULL,  'forms', 1)
--INSERT [Seguridad].[Menu] ([IdMenu], [IdModulo], [IdPadre], [Descripcion], [NombreFormulario], [NombreAssembly], [IdEstado]) VALUES (122, 8, 119,  'Transacciones', NULL,  'forms', 1)
--INSERT [Seguridad].[Menu] ([IdMenu], [IdModulo], [IdPadre], [Descripcion], [NombreFormulario], [NombreAssembly], [IdEstado]) VALUES (123, 8, 119,  'Inventario', NULL,  'forms', 1)
--INSERT [Seguridad].[Menu] ([IdMenu], [IdModulo], [IdPadre], [Descripcion], [NombreFormulario], [NombreAssembly], [IdEstado]) VALUES (124, 8, 119,  'Conciliacion Bancaria', NULL,  'forms', 1)
--INSERT [Seguridad].[Menu] ([IdMenu], [IdModulo], [IdPadre], [Descripcion], [NombreFormulario], [NombreAssembly], [IdEstado]) VALUES (125, 8, 119,  'Ingreso por Ventas', NULL,  'forms', 1)
--INSERT [Seguridad].[Menu] ([IdMenu], [IdModulo], [IdPadre], [Descripcion], [NombreFormulario], [NombreAssembly], [IdEstado]) VALUES (126, 8, NULL,  'Consultas/Reportes', NULL, NULL, 1)
--INSERT [Seguridad].[Menu] ([IdMenu], [IdModulo], [IdPadre], [Descripcion], [NombreFormulario], [NombreAssembly], [IdEstado]) VALUES (127, 8, 126,  'Pedidos', NULL,  'forms', 1)
--INSERT [Seguridad].[Menu] ([IdMenu], [IdModulo], [IdPadre], [Descripcion], [NombreFormulario], [NombreAssembly], [IdEstado]) VALUES (128, 8, 126,  'Consolidacion', NULL,  'forms', 1)
--INSERT [Seguridad].[Menu] ([IdMenu], [IdModulo], [IdPadre], [Descripcion], [NombreFormulario], [NombreAssembly], [IdEstado]) VALUES (129, 8, 126,  'Orden de Compra', NULL,  'forms', 1)
--INSERT [Seguridad].[Menu] ([IdMenu], [IdModulo], [IdPadre], [Descripcion], [NombreFormulario], [NombreAssembly], [IdEstado]) VALUES (130, 9, NULL,  'Mantenimiento', NULL, NULL, 1)
--INSERT [Seguridad].[Menu] ([IdMenu], [IdModulo], [IdPadre], [Descripcion], [NombreFormulario], [NombreAssembly], [IdEstado]) VALUES (131, 9, 130,  'Banco', NULL,  'forms', 1)
--INSERT [Seguridad].[Menu] ([IdMenu], [IdModulo], [IdPadre], [Descripcion], [NombreFormulario], [NombreAssembly], [IdEstado]) VALUES (132, 9, 130,  'Tipos de Inventario', NULL,  'forms', 1)
--INSERT [Seguridad].[Menu] ([IdMenu], [IdModulo], [IdPadre], [Descripcion], [NombreFormulario], [NombreAssembly], [IdEstado]) VALUES (133, 9, 130,  'Tarjeta de Credito', NULL,  'forms', 1)
--INSERT [Seguridad].[Menu] ([IdMenu], [IdModulo], [IdPadre], [Descripcion], [NombreFormulario], [NombreAssembly], [IdEstado]) VALUES (134, 9, NULL,  'Proceso', NULL, NULL, 1)
--INSERT [Seguridad].[Menu] ([IdMenu], [IdModulo], [IdPadre], [Descripcion], [NombreFormulario], [NombreAssembly], [IdEstado]) VALUES (135, 9, 134,  'Cobro', NULL,  'forms', 1)
--INSERT [Seguridad].[Menu] ([IdMenu], [IdModulo], [IdPadre], [Descripcion], [NombreFormulario], [NombreAssembly], [IdEstado]) VALUES (136, 9, 134,  'Caja', NULL,  'forms', 1)
--INSERT [Seguridad].[Menu] ([IdMenu], [IdModulo], [IdPadre], [Descripcion], [NombreFormulario], [NombreAssembly], [IdEstado]) VALUES (137, 9, 134,  'Transacciones', NULL,  'forms', 1)
--INSERT [Seguridad].[Menu] ([IdMenu], [IdModulo], [IdPadre], [Descripcion], [NombreFormulario], [NombreAssembly], [IdEstado]) VALUES (138, 9, 134,  'Inventario', NULL,  'forms', 1)
--INSERT [Seguridad].[Menu] ([IdMenu], [IdModulo], [IdPadre], [Descripcion], [NombreFormulario], [NombreAssembly], [IdEstado]) VALUES (139, 9, 134,  'Conciliacion Bancaria', NULL,  'forms', 1)
--INSERT [Seguridad].[Menu] ([IdMenu], [IdModulo], [IdPadre], [Descripcion], [NombreFormulario], [NombreAssembly], [IdEstado]) VALUES (140, 9, 134,  'Ingreso por Ventas', NULL,  'forms', 1)
--INSERT [Seguridad].[Menu] ([IdMenu], [IdModulo], [IdPadre], [Descripcion], [NombreFormulario], [NombreAssembly], [IdEstado]) VALUES (141, 9, NULL,  'Consultas/Reportes', NULL, NULL, 1)
--INSERT [Seguridad].[Menu] ([IdMenu], [IdModulo], [IdPadre], [Descripcion], [NombreFormulario], [NombreAssembly], [IdEstado]) VALUES (142, 9, 141,  'Pedidos', NULL,  'forms', 1)
--INSERT [Seguridad].[Menu] ([IdMenu], [IdModulo], [IdPadre], [Descripcion], [NombreFormulario], [NombreAssembly], [IdEstado]) VALUES (143, 9, 141,  'Consolidacion', NULL,  'forms', 1)
--INSERT [Seguridad].[Menu] ([IdMenu], [IdModulo], [IdPadre], [Descripcion], [NombreFormulario], [NombreAssembly], [IdEstado]) VALUES (144, 9, 141,  'Orden de Compra', NULL,  'forms', 1)
--INSERT [Seguridad].[Menu] ([IdMenu], [IdModulo], [IdPadre], [Descripcion], [NombreFormulario], [NombreAssembly], [IdEstado]) VALUES (145, 10, NULL,  'Mantenimiento', NULL, NULL, 1)
--INSERT [Seguridad].[Menu] ([IdMenu], [IdModulo], [IdPadre], [Descripcion], [NombreFormulario], [NombreAssembly], [IdEstado]) VALUES (146, 10, 145,  'Banco', NULL,  'forms', 1)
--INSERT [Seguridad].[Menu] ([IdMenu], [IdModulo], [IdPadre], [Descripcion], [NombreFormulario], [NombreAssembly], [IdEstado]) VALUES (147, 10, 145,  'Tipos de Inventario', NULL,  'forms', 1)
--INSERT [Seguridad].[Menu] ([IdMenu], [IdModulo], [IdPadre], [Descripcion], [NombreFormulario], [NombreAssembly], [IdEstado]) VALUES (148, 10, 145,  'Tarjeta de Credito', NULL,  'forms', 1)
--INSERT [Seguridad].[Menu] ([IdMenu], [IdModulo], [IdPadre], [Descripcion], [NombreFormulario], [NombreAssembly], [IdEstado]) VALUES (149, 10, NULL,  'Proceso', NULL, NULL, 1)
--INSERT [Seguridad].[Menu] ([IdMenu], [IdModulo], [IdPadre], [Descripcion], [NombreFormulario], [NombreAssembly], [IdEstado]) VALUES (150, 10, 149,  'Cobro', NULL,  'forms', 1)
--INSERT [Seguridad].[Menu] ([IdMenu], [IdModulo], [IdPadre], [Descripcion], [NombreFormulario], [NombreAssembly], [IdEstado]) VALUES (151, 10, 149,  'Caja', NULL,  'forms', 1)
--INSERT [Seguridad].[Menu] ([IdMenu], [IdModulo], [IdPadre], [Descripcion], [NombreFormulario], [NombreAssembly], [IdEstado]) VALUES (152, 10, 149,  'Transacciones', NULL,  'forms', 1)
--INSERT [Seguridad].[Menu] ([IdMenu], [IdModulo], [IdPadre], [Descripcion], [NombreFormulario], [NombreAssembly], [IdEstado]) VALUES (153, 10, 149,  'Inventario', NULL,  'forms', 1)
--INSERT [Seguridad].[Menu] ([IdMenu], [IdModulo], [IdPadre], [Descripcion], [NombreFormulario], [NombreAssembly], [IdEstado]) VALUES (154, 10, 149,  'Conciliacion Bancaria', NULL,  'forms', 1)
--INSERT [Seguridad].[Menu] ([IdMenu], [IdModulo], [IdPadre], [Descripcion], [NombreFormulario], [NombreAssembly], [IdEstado]) VALUES (155, 10, 149,  'Ingreso por Ventas', NULL,  'forms', 1)
--INSERT [Seguridad].[Menu] ([IdMenu], [IdModulo], [IdPadre], [Descripcion], [NombreFormulario], [NombreAssembly], [IdEstado]) VALUES (156, 10, NULL,  'Consultas/Reportes', NULL, NULL, 1)
--INSERT [Seguridad].[Menu] ([IdMenu], [IdModulo], [IdPadre], [Descripcion], [NombreFormulario], [NombreAssembly], [IdEstado]) VALUES (157, 10, 156,  'Pedidos', NULL,  'forms', 1)
--INSERT [Seguridad].[Menu] ([IdMenu], [IdModulo], [IdPadre], [Descripcion], [NombreFormulario], [NombreAssembly], [IdEstado]) VALUES (158, 10, 156,  'Consolidacion', NULL,  'forms', 1)
--INSERT [Seguridad].[Menu] ([IdMenu], [IdModulo], [IdPadre], [Descripcion], [NombreFormulario], [NombreAssembly], [IdEstado]) VALUES (159, 10, 156,  'Orden de Compra', NULL,  'forms', 1)
--INSERT [Seguridad].[Menu] ([IdMenu], [IdModulo], [IdPadre], [Descripcion], [NombreFormulario], [NombreAssembly], [IdEstado]) VALUES (160, 1, 7,  'Asignar Pantalla a Perfil',  'Seguridad.frmAsignarPantallaAPerfil',  'forms', 1)
--INSERT [Seguridad].[Menu] ([IdMenu], [IdModulo], [IdPadre], [Descripcion], [NombreFormulario], [NombreAssembly], [IdEstado]) VALUES (161, 1, 7,  'Asignar Usuarios a Empresa',  'Seguridad.frmAsignacionDeUsuariosAPerfiles',  'forms', 1)
---- 162
--print N'insert Seguridad.Menu  done!'

--truncate table Seguridad.MenuPorEmpresa
/**************************MENU POR EMPRESA********************/
--insert Seguridad.MenuPorEmpresa values (1, 1, NULL, NULL, 1)
--insert Seguridad.MenuPorEmpresa values (1, 2, 'forms', 'seguridad.frmcrearusuario', 1)
--insert Seguridad.MenuPorEmpresa values (1, 3, 'forms', 'seguridad.frmcrearperfil', 1)
--insert Seguridad.MenuPorEmpresa values (1, 4, 'forms', 'seguridad.frmmonitoreousuarios', 1)
--insert Seguridad.MenuPorEmpresa values (1, 5, 'forms', 'seguridad.frmempresa', 1)
--insert Seguridad.MenuPorEmpresa values (1, 6, 'forms', 'seguridad.frmfotoseguridad', 1)
--insert Seguridad.MenuPorEmpresa values (1, 7, NULL, NULL, 1)
--insert Seguridad.MenuPorEmpresa values (1, 8, 'forms', 'seguridad.frmcambiarcontrasena', 1)
--insert Seguridad.MenuPorEmpresa values (1, 9, 'forms', 'seguridad.frmasignarperfil', 1)
--insert Seguridad.MenuPorEmpresa values (1, 10, 'forms', 'seguridad.frmmonitoreousuarios', 1)
--insert Seguridad.MenuPorEmpresa values (1, 11, NULL, NULL, 1)
--insert Seguridad.MenuPorEmpresa values (1, 12, 'forms', 'seguridad.frmrptaccesoxusuario', 1)
--insert Seguridad.MenuPorEmpresa values (1, 13, 'forms', 'seguridad.frmrpthorarioaccesoxusuario', 1)
--insert Seguridad.MenuPorEmpresa values (1, 14, 'forms', 'seguridad.frmrptestadoxusuario', 1)
--insert Seguridad.MenuPorEmpresa values (1, 15, 'forms', 'seguridad.frmrptprivilegiosxusuario', 1)
--insert Seguridad.MenuPorEmpresa values (1, 16, NULL, NULL, 1)
--insert Seguridad.MenuPorEmpresa values (1, 17, 'forms', NULL, 1)
--insert Seguridad.MenuPorEmpresa values (1, 18, 'forms', NULL, 1)
--insert Seguridad.MenuPorEmpresa values (1, 19, 'forms', NULL, 1)
--insert Seguridad.MenuPorEmpresa values (1, 20, NULL, NULL, 1)
--insert Seguridad.MenuPorEmpresa values (1, 21, 'forms', NULL, 1)
--insert Seguridad.MenuPorEmpresa values (1, 22, 'forms', NULL, 1)
--insert Seguridad.MenuPorEmpresa values (1, 23, 'forms', NULL, 1)
--insert Seguridad.MenuPorEmpresa values (1, 24, NULL, NULL, 1)
--insert Seguridad.MenuPorEmpresa values (1, 25, 'forms', NULL, 1)
--insert Seguridad.MenuPorEmpresa values (1, 26, 'forms', NULL, 1)
--insert Seguridad.MenuPorEmpresa values (1, 27, 'forms', NULL, 1)
--insert Seguridad.MenuPorEmpresa values (1, 28, NULL, NULL, 1)
--insert Seguridad.MenuPorEmpresa values (1, 29, 'forms', NULL, 1)
--insert Seguridad.MenuPorEmpresa values (1, 30, 'forms', NULL, 1)
--insert Seguridad.MenuPorEmpresa values (1, 31, 'forms', NULL, 1)
--insert Seguridad.MenuPorEmpresa values (1, 32, 'forms', NULL, 1)
--insert Seguridad.MenuPorEmpresa values (1, 33, NULL, NULL, 1)
--insert Seguridad.MenuPorEmpresa values (1, 34, 'forms', NULL, 1)
--insert Seguridad.MenuPorEmpresa values (1, 35, 'forms', NULL, 1)
--insert Seguridad.MenuPorEmpresa values (1, 36, 'forms', NULL, 1)
--insert Seguridad.MenuPorEmpresa values (1, 37, 'forms', NULL, 1)
--insert Seguridad.MenuPorEmpresa values (1, 38, NULL, NULL, 1)
--insert Seguridad.MenuPorEmpresa values (1, 39, 'forms', NULL, 1)
--insert Seguridad.MenuPorEmpresa values (1, 40, NULL, NULL, 1)
--insert Seguridad.MenuPorEmpresa values (1, 41, 'forms', NULL, 1)
--insert Seguridad.MenuPorEmpresa values (1, 42, 'forms', NULL, 1)
--insert Seguridad.MenuPorEmpresa values (1, 43, 'forms', NULL, 1)
--insert Seguridad.MenuPorEmpresa values (1, 44, 'forms', NULL, 1)
--insert Seguridad.MenuPorEmpresa values (1, 45, 'forms', NULL, 1)
--insert Seguridad.MenuPorEmpresa values (1, 46, 'forms', NULL, 1)
--insert Seguridad.MenuPorEmpresa values (1, 47, NULL, NULL, 1)
--insert Seguridad.MenuPorEmpresa values (1, 48, 'forms', NULL, 1)
--insert Seguridad.MenuPorEmpresa values (1, 49, 'forms', NULL, 1)
--insert Seguridad.MenuPorEmpresa values (1, 50, 'forms', NULL, 1)
--insert Seguridad.MenuPorEmpresa values (1, 51, NULL, NULL, 1)
--insert Seguridad.MenuPorEmpresa values (1, 52, 'forms', NULL, 1)
--insert Seguridad.MenuPorEmpresa values (1, 53, 'forms', NULL, 1)
--insert Seguridad.MenuPorEmpresa values (1, 54, 'forms', NULL, 1)
--insert Seguridad.MenuPorEmpresa values (1, 55, 'forms', NULL, 1)
--insert Seguridad.MenuPorEmpresa values (1, 56, 'forms', NULL, 1)
--insert Seguridad.MenuPorEmpresa values (1, 57, 'forms', NULL, 1)
--insert Seguridad.MenuPorEmpresa values (1, 58, NULL, NULL, 1)
--insert Seguridad.MenuPorEmpresa values (1, 59, 'forms', NULL, 1)
--insert Seguridad.MenuPorEmpresa values (1, 60, 'forms', NULL, 1)
--insert Seguridad.MenuPorEmpresa values (1, 61, 'forms', NULL, 1)
--insert Seguridad.MenuPorEmpresa values (1, 62, NULL, NULL, 1)
--insert Seguridad.MenuPorEmpresa values (1, 63, 'forms', NULL, 1)
--insert Seguridad.MenuPorEmpresa values (1, 64, 'forms', NULL, 1)
--insert Seguridad.MenuPorEmpresa values (1, 65, 'forms', NULL, 1)
--insert Seguridad.MenuPorEmpresa values (1, 66, 'forms', NULL, 1)
--insert Seguridad.MenuPorEmpresa values (1, 67, 'forms', NULL, 1)
--insert Seguridad.MenuPorEmpresa values (1, 68, 'forms', NULL, 1)
--insert Seguridad.MenuPorEmpresa values (1, 69, NULL, NULL, 1)
--insert Seguridad.MenuPorEmpresa values (1, 70, 'forms', NULL, 1)
--insert Seguridad.MenuPorEmpresa values (1, 71, 'forms', NULL, 1)
--insert Seguridad.MenuPorEmpresa values (1, 72, 'forms', NULL, 1)
--insert Seguridad.MenuPorEmpresa values (1, 73, NULL, NULL, 1)
--insert Seguridad.MenuPorEmpresa values (1, 74, 'forms', NULL, 1)
--insert Seguridad.MenuPorEmpresa values (1, 75, 'forms', NULL, 1)
--insert Seguridad.MenuPorEmpresa values (1, 76, 'forms', NULL, 1)
--insert Seguridad.MenuPorEmpresa values (1, 77, 'forms', NULL, 1)
--insert Seguridad.MenuPorEmpresa values (1, 78, 'forms', NULL, 1)
--insert Seguridad.MenuPorEmpresa values (1, 79, 'forms', NULL, 1)
--insert Seguridad.MenuPorEmpresa values (1, 80, NULL, NULL, 1)
--insert Seguridad.MenuPorEmpresa values (1, 81, 'forms', NULL, 1)
--insert Seguridad.MenuPorEmpresa values (1, 82, 'forms', NULL, 1)
--insert Seguridad.MenuPorEmpresa values (1, 83, 'forms', NULL, 1)
--insert Seguridad.MenuPorEmpresa values (1, 84, NULL, NULL, 1)
--insert Seguridad.MenuPorEmpresa values (1, 85, 'forms', NULL, 1)
--insert Seguridad.MenuPorEmpresa values (1, 86, 'forms', NULL, 1)
--insert Seguridad.MenuPorEmpresa values (1, 87, 'forms', NULL, 1)
--insert Seguridad.MenuPorEmpresa values (1, 88, NULL, NULL, 1)
--insert Seguridad.MenuPorEmpresa values (1, 89, 'forms', NULL, 1)
--insert Seguridad.MenuPorEmpresa values (1, 90, 'forms', NULL, 1)
--insert Seguridad.MenuPorEmpresa values (1, 91, 'forms', NULL, 1)
--insert Seguridad.MenuPorEmpresa values (1, 92, 'forms', NULL, 1)
--insert Seguridad.MenuPorEmpresa values (1, 93, 'forms', NULL, 1)
--insert Seguridad.MenuPorEmpresa values (1, 94, 'forms', NULL, 1)
--insert Seguridad.MenuPorEmpresa values (1, 95, NULL, NULL, 1)
--insert Seguridad.MenuPorEmpresa values (1, 96, 'forms', NULL, 1)
--insert Seguridad.MenuPorEmpresa values (1, 97, 'forms', NULL, 1)
--insert Seguridad.MenuPorEmpresa values (1, 98, 'forms', NULL, 1)
--insert Seguridad.MenuPorEmpresa values (1, 99, NULL, NULL, 1)
--insert Seguridad.MenuPorEmpresa values (1, 100, 'forms', NULL, 1)
--insert Seguridad.MenuPorEmpresa values (1, 101, 'forms', NULL, 1)
--print N'insert Seguridad.MenuPorEmpresa  done!'
--go

/***************PERMISO******************/
--insert Seguridad.Permiso VALUES (1, 8, 16, 2, 0, 0, 0)
--insert Seguridad.Permiso VALUES (1, 9, 17, 2, 0, 0, 0)
--insert Seguridad.Permiso VALUES (1, 10, 18, 2, 0, 0, 0)
--insert Seguridad.Permiso VALUES (1, 11, 19, 2, 0, 0, 0)
--insert Seguridad.Permiso VALUES (1, 12, 20, 2, 0, 0, 0)
--insert Seguridad.Permiso VALUES (1, 13, 21, 2, 0, 0, 0)
--insert Seguridad.Permiso VALUES (1, 14, 22, 2, 0, 0, 0)
--insert Seguridad.Permiso VALUES (1, 15, 23, 2, 0, 0, 0)
--insert Seguridad.Permiso VALUES (1, 16, 24, 2, 0, 0, 0)
--insert Seguridad.Permiso VALUES (1, 17, 25, 2, 0, 0, 0)
--insert Seguridad.Permiso VALUES (1, 18, 26, 2, 0, 0, 0)
--insert Seguridad.Permiso VALUES (1, 19, 27, 2, 0, 0, 0)
--insert Seguridad.Permiso VALUES (1, 20, 16, 2, 0, 0, 0)
--insert Seguridad.Permiso VALUES (1, 21, 17, 2, 0, 0, 0)
--insert Seguridad.Permiso VALUES (1, 22, 18, 2, 0, 0, 0)
--insert Seguridad.Permiso VALUES (1, 23, 19, 2, 0, 0, 0)
--insert Seguridad.Permiso VALUES (1, 24, 20, 2, 0, 0, 0)
--insert Seguridad.Permiso VALUES (1, 25, 21, 2, 0, 0, 0)
--insert Seguridad.Permiso VALUES (1, 26, 22, 2, 0, 0, 0)
--insert Seguridad.Permiso VALUES (1, 27, 23, 2, 0, 0, 0)
--insert Seguridad.Permiso VALUES (1, 28, 24, 2, 0, 0, 0)
--insert Seguridad.Permiso VALUES (1, 29, 25, 2, 0, 0, 0)
--insert Seguridad.Permiso VALUES (1, 30, 26, 2, 0, 0, 0)
--insert Seguridad.Permiso VALUES (1, 31, 27, 2, 0, 0, 0)
--insert Seguridad.Permiso VALUES (1, 48, 28, 3, 0, 0, 0)
--insert Seguridad.Permiso VALUES (1, 49, 29, 3, 0, 0, 0)
--insert Seguridad.Permiso VALUES (1, 50, 30, 3, 0, 0, 0)
--insert Seguridad.Permiso VALUES (1, 51, 31, 3, 0, 0, 0)
--insert Seguridad.Permiso VALUES (1, 52, 32, 3, 0, 0, 0)
--insert Seguridad.Permiso VALUES (1, 53, 33, 3, 0, 0, 0)
--insert Seguridad.Permiso VALUES (1, 54, 34, 3, 0, 0, 0)
--insert Seguridad.Permiso VALUES (1, 55, 35, 3, 0, 0, 0)
--insert Seguridad.Permiso VALUES (1, 56, 36, 3, 0, 0, 0)
--insert Seguridad.Permiso VALUES (1, 57, 37, 3, 0, 0, 0)
--insert Seguridad.Permiso VALUES (1, 58, 38, 3, 0, 0, 0)
--insert Seguridad.Permiso VALUES (1, 59, 39, 3, 0, 0, 0)
--insert Seguridad.Permiso VALUES (1, 89, 99, 7, 0, 0, 0)
--insert Seguridad.Permiso VALUES (1, 90, 101, 7, 0, 0, 0)
--insert Seguridad.Permiso VALUES (1, 91, 103, 7, 0, 0, 0)
--insert Seguridad.Permiso VALUES (1, 92, 106, 7, 0, 0, 0)
--insert Seguridad.Permiso VALUES (1, 93, 107, 7, 0, 0, 0)
--insert Seguridad.Permiso VALUES (1, 94, 108, 7, 0, 0, 0)
--insert Seguridad.Permiso VALUES (1, 95, 1, 1, 0, 0, 0)
--insert Seguridad.Permiso VALUES (1, 96, 2, 1, 0, 0, 0)
--insert Seguridad.Permiso VALUES (1, 97, 3, 1, 0, 0, 0)
--insert Seguridad.Permiso VALUES (1, 98, 4, 1, 0, 0, 0)
--insert Seguridad.Permiso VALUES (1, 99, 5, 1, 0, 0, 0)
--insert Seguridad.Permiso VALUES (1, 100, 6, 1, 0, 0, 0)
--insert Seguridad.Permiso VALUES (1, 101, 160, 1, 0, 0, 0)
--insert Seguridad.Permiso VALUES (1, 102, 161, 1, 0, 0, 0)
--insert Seguridad.Permiso VALUES (1, 103, 7, 1, 0, 0, 0)
--insert Seguridad.Permiso VALUES (1, 104, 8, 1, 0, 0, 0)
--insert Seguridad.Permiso VALUES (1, 105, 9, 1, 0, 0, 0)
--insert Seguridad.Permiso VALUES (1, 106, 10, 1, 0, 0, 0)
--insert Seguridad.Permiso VALUES (1, 107, 11, 1, 0, 0, 0)
--insert Seguridad.Permiso VALUES (1, 108, 12, 1, 0, 0, 0)
--insert Seguridad.Permiso VALUES (1, 109, 13, 1, 0, 0, 0)
--insert Seguridad.Permiso VALUES (1, 110, 14, 1, 0, 0, 0)
--insert Seguridad.Permiso VALUES (1, 111, 15, 1, 0, 0, 0)
--insert Seguridad.Permiso VALUES (2, 16, 16, 2, 0, 0, 0)
--insert Seguridad.Permiso VALUES (2, 17, 17, 2, 0, 0, 0)
--insert Seguridad.Permiso VALUES (2, 18, 18, 2, 0, 0, 0)
--insert Seguridad.Permiso VALUES (2, 19, 19, 2, 0, 0, 0)
--insert Seguridad.Permiso VALUES (2, 20, 20, 2, 0, 0, 0)
--insert Seguridad.Permiso VALUES (2, 21, 21, 2, 0, 0, 0)
--insert Seguridad.Permiso VALUES (2, 22, 22, 2, 0, 0, 0)
--insert Seguridad.Permiso VALUES (2, 23, 23, 2, 0, 0, 0)
--insert Seguridad.Permiso VALUES (2, 24, 24, 2, 0, 0, 0)
--insert Seguridad.Permiso VALUES (2, 25, 25, 2, 0, 0, 0)
--insert Seguridad.Permiso VALUES (2, 26, 26, 2, 0, 0, 0)
--insert Seguridad.Permiso VALUES (2, 27, 27, 2, 0, 0, 0)
--insert Seguridad.Permiso VALUES (2, 28, 28, 3, 0, 0, 0)
--insert Seguridad.Permiso VALUES (2, 29, 29, 3, 0, 0, 0)
--insert Seguridad.Permiso VALUES (2, 30, 30, 3, 0, 0, 0)
--insert Seguridad.Permiso VALUES (2, 31, 31, 3, 0, 0, 0)
--insert Seguridad.Permiso VALUES (2, 32, 32, 3, 0, 0, 0)
--insert Seguridad.Permiso VALUES (2, 33, 33, 3, 0, 0, 0)
--insert Seguridad.Permiso VALUES (2, 34, 34, 3, 0, 0, 0)
--insert Seguridad.Permiso VALUES (2, 35, 35, 3, 0, 0, 0)
--insert Seguridad.Permiso VALUES (2, 36, 36, 3, 0, 0, 0)
--insert Seguridad.Permiso VALUES (2, 37, 37, 3, 0, 0, 0)
--insert Seguridad.Permiso VALUES (2, 38, 38, 3, 0, 0, 0)
--insert Seguridad.Permiso VALUES (2, 39, 39, 3, 0, 0, 0)
--insert Seguridad.Permiso VALUES (2, 84, 84, 6, 0, 0, 0)
--insert Seguridad.Permiso VALUES (2, 85, 85, 6, 0, 0, 0)
--insert Seguridad.Permiso VALUES (2, 86, 86, 6, 0, 0, 0)
--insert Seguridad.Permiso VALUES (2, 87, 87, 6, 0, 0, 0)
--insert Seguridad.Permiso VALUES (2, 88, 88, 6, 0, 0, 0)
--insert Seguridad.Permiso VALUES (2, 89, 89, 6, 0, 0, 0)
--insert Seguridad.Permiso VALUES (2, 90, 90, 6, 0, 0, 0)
--insert Seguridad.Permiso VALUES (2, 91, 91, 6, 0, 0, 0)
--insert Seguridad.Permiso VALUES (2, 92, 92, 6, 0, 0, 0)
--insert Seguridad.Permiso VALUES (2, 93, 93, 6, 0, 0, 0)
--insert Seguridad.Permiso VALUES (2, 94, 94, 6, 0, 0, 0)
--insert Seguridad.Permiso VALUES (2, 95, 95, 6, 0, 0, 0)
--insert Seguridad.Permiso VALUES (2, 96, 96, 6, 0, 0, 0)
--insert Seguridad.Permiso VALUES (2, 97, 97, 6, 0, 0, 0)
--insert Seguridad.Permiso VALUES (2, 98, 98, 6, 0, 0, 0)
--insert Seguridad.Permiso VALUES (6, 1, 145, 10, 0, 0, 0)
--insert Seguridad.Permiso VALUES (6, 2, 146, 10, 0, 0, 0)
--insert Seguridad.Permiso VALUES (6, 3, 147, 10, 0, 0, 0)
--insert Seguridad.Permiso VALUES (6, 4, 148, 10, 0, 0, 0)
--insert Seguridad.Permiso VALUES (6, 5, 149, 10, 0, 0, 0)
--insert Seguridad.Permiso VALUES (6, 6, 150, 10, 0, 0, 0)
--insert Seguridad.Permiso VALUES (6, 7, 151, 10, 0, 0, 0)
--insert Seguridad.Permiso VALUES (6, 8, 152, 10, 0, 0, 0)
--insert Seguridad.Permiso VALUES (6, 9, 153, 10, 0, 0, 0)
--insert Seguridad.Permiso VALUES (6, 10, 154, 10, 0, 0, 0)
--insert Seguridad.Permiso VALUES (6, 11, 155, 10, 0, 0, 0)
--insert Seguridad.Permiso VALUES (6, 12, 156, 10, 0, 0, 0)
--insert Seguridad.Permiso VALUES (6, 13, 157, 10, 0, 0, 0)
--insert Seguridad.Permiso VALUES (6, 14, 158, 10, 0, 0, 0)
--insert Seguridad.Permiso VALUES (6, 15, 159, 10, 0, 0, 0)
--go
